-- phpMyAdmin SQL Dump
-- version 5.2.1
-- https://www.phpmyadmin.net/
--
-- Host: 127.0.0.1
-- Generation Time: Sep 26, 2023 at 03:05 AM
-- Server version: 10.4.28-MariaDB
-- PHP Version: 8.2.4

SET SQL_MODE = "NO_AUTO_VALUE_ON_ZERO";
START TRANSACTION;
SET time_zone = "+00:00";


/*!40101 SET @OLD_CHARACTER_SET_CLIENT=@@CHARACTER_SET_CLIENT */;
/*!40101 SET @OLD_CHARACTER_SET_RESULTS=@@CHARACTER_SET_RESULTS */;
/*!40101 SET @OLD_COLLATION_CONNECTION=@@COLLATION_CONNECTION */;
/*!40101 SET NAMES utf8mb4 */;

--
-- Database: `btth01_cse485`
--

DELIMITER $$
--
-- Procedures
--
CREATE DEFINER=`root`@`localhost` PROCEDURE `sp_DSBaiViet` (IN `genre_name` VARCHAR(50))   BEGIN
	DECLARE genre_exist INT;
    
    SELECT COUNT(*) INTO genre_exist
    FROM theloai
    WHERE theloai.ten_tloai = genre_name;
    
    IF genre_exist = 0 THEN
    	SIGNAL SQLSTATE '45000'
        	SET MESSAGE_TEXT = 'Thể loại cần tìm không tồn tại';
	END IF;

	SELECT baiviet.tieude
    FROM baiviet
    INNER JOIN theloai ON baiviet.ma_tloai = theloai.ma_tloai
    WHERE theloai.ten_tloai = genre_name;
END$$

DELIMITER ;

-- --------------------------------------------------------

--
-- Table structure for table `baiviet`
--

CREATE TABLE `baiviet` (
  `ma_bviet` int(10) UNSIGNED NOT NULL,
  `tieude` varchar(200) NOT NULL,
  `ten_bhat` varchar(100) NOT NULL,
  `ma_tloai` int(10) UNSIGNED NOT NULL,
  `tomtat` text NOT NULL,
  `noidung` text DEFAULT NULL,
  `ma_tgia` int(10) UNSIGNED NOT NULL,
  `ngayviet` datetime NOT NULL DEFAULT curdate(),
  `hinhanh` varchar(200) DEFAULT NULL
) ENGINE=InnoDB DEFAULT CHARSET=utf8mb4 COLLATE=utf8mb4_general_ci;

--
-- Dumping data for table `baiviet`
--

INSERT INTO `baiviet` (`ma_bviet`, `tieude`, `ten_bhat`, `ma_tloai`, `tomtat`, `noidung`, `ma_tgia`, `ngayviet`, `hinhanh`) VALUES
(1, 'Bài hát nhạc trẻ', 'Hồng Nhan', 4, 'Phần tóm tắt nội dung bài viết phê bình âm nhạc 22', 'Duis consequat dui nec nisi volutpat eleifend. Donec ut dolor. Morbi vel lectus in quam fringilla rhoncus.\r\n\r\nMauris enim leo, rhoncus sed, vestibulum sit amet, cursus id, turpis. Integer aliquet, massa id lobortis convallis, tortor risus dapibus augue, vel accumsan tellus nisi eu orci. Mauris lacinia sapien quis libero.\r\n\r\nNullam sit amet turpis elementum ligula vehicula consequat. Morbi a ipsum. Integer a nibh.\r\n\r\nIn quis justo. Maecenas rhoncus aliquam lacus. Morbi quis tortor id nulla ultrices aliquet.\r\n\r\nMaecenas leo odio, condimentum id, luctus nec, molestie sed, justo. Pellentesque viverra pede ac diam. Cras pellentesque volutpat dui.\r\n\r\nMaecenas tristique, est et tempus semper, est quam pharetra magna, ac consequat metus sapien ut nunc. Vestibulum ante ipsum primis in faucibus orci luctus et ultrices posuere cubilia Curae; Mauris viverra diam vitae quam. Suspendisse potenti.\r\n\r\nNullam porttitor lacus at turpis. Donec posuere metus vitae ipsum. Aliquam non mauris.\r\n\r\nMorbi non lectus. Aliquam sit amet diam in magna bibendum imperdiet. Nullam orci pede, venenatis non, sodales sed, tincidunt eu, felis.\r\n\r\nFusce posuere felis sed lacus. Morbi sem mauris, laoreet ut, rhoncus aliquet, pulvinar sed, nisl. Nunc rhoncus dui vel sem.\r\n\r\nSed sagittis. Nam congue, risus semper porta volutpat, quam pede lobortis ligula, sit amet eleifend pede libero quis orci. Nullam molestie nibh in lectus.\r\n\r\nPellentesque at nulla. Suspendisse potenti. Cras in purus eu magna vulputate luctus.\r\n\r\nCum sociis natoque penatibus et magnis dis parturient montes, nascetur ridiculus mus. Vivamus vestibulum sagittis sapien. Cum sociis natoque penatibus et magnis dis parturient montes, nascetur ridiculus mus.\r\n\r\nEtiam vel augue. Vestibulum rutrum rutrum neque. Aenean auctor gravida sem.\r\n\r\nPraesent id massa id nisl venenatis lacinia. Aenean sit amet justo. Morbi ut odio.\r\n\r\nCras mi pede, malesuada in, imperdiet et, commodo vulputate, justo. In blandit ultrices enim. Lorem ipsum dolor sit amet, consectetuer adipiscing elit.\r\n\r\nProin interdum mauris non ligula pellentesque ultrices. Phasellus id sapien in sapien iaculis congue. Vivamus metus arcu, adipiscing molestie, hendrerit at, vulputate vitae, nisl.\r\n\r\nAenean lectus. Pellentesque eget nunc. Donec quis orci eget orci vehicula condimentum.\r\n\r\nCurabitur in libero ut massa volutpat convallis. Morbi odio odio, elementum eu, interdum eu, tincidunt in, leo. Maecenas pulvinar lobortis est.\r\n\r\nPhasellus sit amet erat. Nulla tempus. Vivamus in felis eu sapien cursus vestibulum.\r\n\r\nProin eu mi. Nulla ac enim. In tempor, turpis nec euismod scelerisque, quam turpis adipiscing lorem, vitae mattis nibh ligula nec sem.', 21, '2021-09-15 00:00:00', 'http://dummyimage.com/241x278.png/ff4444/ffffff'),
(2, 'Bài hát nhạc cách mạng', 'Mình Yêu Nhau Đi', 1, 'Phần tóm tắt nội dung bài viết phê bình âm nhạc 18', 'Maecenas tristique, est et tempus semper, est quam pharetra magna, ac consequat metus sapien ut nunc. Vestibulum ante ipsum primis in faucibus orci luctus et ultrices posuere cubilia Curae; Mauris viverra diam vitae quam. Suspendisse potenti.\r\n\r\nNullam porttitor lacus at turpis. Donec posuere metus vitae ipsum. Aliquam non mauris.\r\n\r\nMorbi non lectus. Aliquam sit amet diam in magna bibendum imperdiet. Nullam orci pede, venenatis non, sodales sed, tincidunt eu, felis.\r\n\r\nFusce posuere felis sed lacus. Morbi sem mauris, laoreet ut, rhoncus aliquet, pulvinar sed, nisl. Nunc rhoncus dui vel sem.\r\n\r\nSed sagittis. Nam congue, risus semper porta volutpat, quam pede lobortis ligula, sit amet eleifend pede libero quis orci. Nullam molestie nibh in lectus.\r\n\r\nPellentesque at nulla. Suspendisse potenti. Cras in purus eu magna vulputate luctus.\r\n\r\nCum sociis natoque penatibus et magnis dis parturient montes, nascetur ridiculus mus. Vivamus vestibulum sagittis sapien. Cum sociis natoque penatibus et magnis dis parturient montes, nascetur ridiculus mus.\r\n\r\nEtiam vel augue. Vestibulum rutrum rutrum neque. Aenean auctor gravida sem.\r\n\r\nPraesent id massa id nisl venenatis lacinia. Aenean sit amet justo. Morbi ut odio.\r\n\r\nCras mi pede, malesuada in, imperdiet et, commodo vulputate, justo. In blandit ultrices enim. Lorem ipsum dolor sit amet, consectetuer adipiscing elit.\r\n\r\nProin interdum mauris non ligula pellentesque ultrices. Phasellus id sapien in sapien iaculis congue. Vivamus metus arcu, adipiscing molestie, hendrerit at, vulputate vitae, nisl.\r\n\r\nAenean lectus. Pellentesque eget nunc. Donec quis orci eget orci vehicula condimentum.\r\n\r\nCurabitur in libero ut massa volutpat convallis. Morbi odio odio, elementum eu, interdum eu, tincidunt in, leo. Maecenas pulvinar lobortis est.\r\n\r\nPhasellus sit amet erat. Nulla tempus. Vivamus in felis eu sapien cursus vestibulum.\r\n\r\nProin eu mi. Nulla ac enim. In tempor, turpis nec euismod scelerisque, quam turpis adipiscing lorem, vitae mattis nibh ligula nec sem.\r\n\r\nDuis aliquam convallis nunc. Proin at turpis a pede posuere nonummy. Integer non velit.\r\n\r\nDonec diam neque, vestibulum eget, vulputate ut, ultrices vel, augue. Vestibulum ante ipsum primis in faucibus orci luctus et ultrices posuere cubilia Curae; Donec pharetra, magna vestibulum aliquet ultrices, erat tortor sollicitudin mi, sit amet lobortis sapien sapien non mi. Integer ac neque.\r\n\r\nDuis bibendum. Morbi non quam nec dui luctus rutrum. Nulla tellus.\r\n\r\nIn sagittis dui vel nisl. Duis ac nibh. Fusce lacus purus, aliquet at, feugiat non, pretium quis, lectus.\r\n\r\nSuspendisse potenti. In eleifend quam a odio. In hac habitasse platea dictumst.\r\n\r\nMaecenas ut massa quis augue luctus tincidunt. Nulla mollis molestie lorem. Quisque ut erat.', 21, '2021-10-05 00:00:00', 'http://dummyimage.com/204x249.png/dddddd/000000'),
(3, 'Bài hát nhạc trịnh', 'Sóng Gió', 9, 'Phần tóm tắt nội dung bài viết phê bình âm nhạc 12', 'Vestibulum quam sapien, varius ut, blandit non, interdum in, ante. Vestibulum ante ipsum primis in faucibus orci luctus et ultrices posuere cubilia Curae; Duis faucibus accumsan odio. Curabitur convallis.\r\n\r\nDuis consequat dui nec nisi volutpat eleifend. Donec ut dolor. Morbi vel lectus in quam fringilla rhoncus.\r\n\r\nMauris enim leo, rhoncus sed, vestibulum sit amet, cursus id, turpis. Integer aliquet, massa id lobortis convallis, tortor risus dapibus augue, vel accumsan tellus nisi eu orci. Mauris lacinia sapien quis libero.\r\n\r\nNullam sit amet turpis elementum ligula vehicula consequat. Morbi a ipsum. Integer a nibh.\r\n\r\nIn quis justo. Maecenas rhoncus aliquam lacus. Morbi quis tortor id nulla ultrices aliquet.\r\n\r\nMaecenas leo odio, condimentum id, luctus nec, molestie sed, justo. Pellentesque viverra pede ac diam. Cras pellentesque volutpat dui.\r\n\r\nMaecenas tristique, est et tempus semper, est quam pharetra magna, ac consequat metus sapien ut nunc. Vestibulum ante ipsum primis in faucibus orci luctus et ultrices posuere cubilia Curae; Mauris viverra diam vitae quam. Suspendisse potenti.\r\n\r\nNullam porttitor lacus at turpis. Donec posuere metus vitae ipsum. Aliquam non mauris.\r\n\r\nMorbi non lectus. Aliquam sit amet diam in magna bibendum imperdiet. Nullam orci pede, venenatis non, sodales sed, tincidunt eu, felis.\r\n\r\nFusce posuere felis sed lacus. Morbi sem mauris, laoreet ut, rhoncus aliquet, pulvinar sed, nisl. Nunc rhoncus dui vel sem.\r\n\r\nSed sagittis. Nam congue, risus semper porta volutpat, quam pede lobortis ligula, sit amet eleifend pede libero quis orci. Nullam molestie nibh in lectus.\r\n\r\nPellentesque at nulla. Suspendisse potenti. Cras in purus eu magna vulputate luctus.\r\n\r\nCum sociis natoque penatibus et magnis dis parturient montes, nascetur ridiculus mus. Vivamus vestibulum sagittis sapien. Cum sociis natoque penatibus et magnis dis parturient montes, nascetur ridiculus mus.\r\n\r\nEtiam vel augue. Vestibulum rutrum rutrum neque. Aenean auctor gravida sem.\r\n\r\nPraesent id massa id nisl venenatis lacinia. Aenean sit amet justo. Morbi ut odio.\r\n\r\nCras mi pede, malesuada in, imperdiet et, commodo vulputate, justo. In blandit ultrices enim. Lorem ipsum dolor sit amet, consectetuer adipiscing elit.\r\n\r\nProin interdum mauris non ligula pellentesque ultrices. Phasellus id sapien in sapien iaculis congue. Vivamus metus arcu, adipiscing molestie, hendrerit at, vulputate vitae, nisl.\r\n\r\nAenean lectus. Pellentesque eget nunc. Donec quis orci eget orci vehicula condimentum.\r\n\r\nCurabitur in libero ut massa volutpat convallis. Morbi odio odio, elementum eu, interdum eu, tincidunt in, leo. Maecenas pulvinar lobortis est.\r\n\r\nPhasellus sit amet erat. Nulla tempus. Vivamus in felis eu sapien cursus vestibulum.\r\n\r\nProin eu mi. Nulla ac enim. In tempor, turpis nec euismod scelerisque, quam turpis adipiscing lorem, vitae mattis nibh ligula nec sem.\r\n\r\nDuis aliquam convallis nunc. Proin at turpis a pede posuere nonummy. Integer non velit.\r\n\r\nDonec diam neque, vestibulum eget, vulputate ut, ultrices vel, augue. Vestibulum ante ipsum primis in faucibus orci luctus et ultrices posuere cubilia Curae; Donec pharetra, magna vestibulum aliquet ultrices, erat tortor sollicitudin mi, sit amet lobortis sapien sapien non mi. Integer ac neque.\r\n\r\nDuis bibendum. Morbi non quam nec dui luctus rutrum. Nulla tellus.', 9, '2022-12-03 00:00:00', 'http://dummyimage.com/239x274.png/5fa2dd/ffffff'),
(4, 'Bài hát nhạc cách mạng', 'Mình Yêu Nhau Đi', 5, 'Phần tóm tắt nội dung bài viết phê bình âm nhạc 12', 'Vestibulum quam sapien, varius ut, blandit non, interdum in, ante. Vestibulum ante ipsum primis in faucibus orci luctus et ultrices posuere cubilia Curae; Duis faucibus accumsan odio. Curabitur convallis.\r\n\r\nDuis consequat dui nec nisi volutpat eleifend. Donec ut dolor. Morbi vel lectus in quam fringilla rhoncus.\r\n\r\nMauris enim leo, rhoncus sed, vestibulum sit amet, cursus id, turpis. Integer aliquet, massa id lobortis convallis, tortor risus dapibus augue, vel accumsan tellus nisi eu orci. Mauris lacinia sapien quis libero.\r\n\r\nNullam sit amet turpis elementum ligula vehicula consequat. Morbi a ipsum. Integer a nibh.\r\n\r\nIn quis justo. Maecenas rhoncus aliquam lacus. Morbi quis tortor id nulla ultrices aliquet.\r\n\r\nMaecenas leo odio, condimentum id, luctus nec, molestie sed, justo. Pellentesque viverra pede ac diam. Cras pellentesque volutpat dui.\r\n\r\nMaecenas tristique, est et tempus semper, est quam pharetra magna, ac consequat metus sapien ut nunc. Vestibulum ante ipsum primis in faucibus orci luctus et ultrices posuere cubilia Curae; Mauris viverra diam vitae quam. Suspendisse potenti.\r\n\r\nNullam porttitor lacus at turpis. Donec posuere metus vitae ipsum. Aliquam non mauris.\r\n\r\nMorbi non lectus. Aliquam sit amet diam in magna bibendum imperdiet. Nullam orci pede, venenatis non, sodales sed, tincidunt eu, felis.\r\n\r\nFusce posuere felis sed lacus. Morbi sem mauris, laoreet ut, rhoncus aliquet, pulvinar sed, nisl. Nunc rhoncus dui vel sem.\r\n\r\nSed sagittis. Nam congue, risus semper porta volutpat, quam pede lobortis ligula, sit amet eleifend pede libero quis orci. Nullam molestie nibh in lectus.\r\n\r\nPellentesque at nulla. Suspendisse potenti. Cras in purus eu magna vulputate luctus.\r\n\r\nCum sociis natoque penatibus et magnis dis parturient montes, nascetur ridiculus mus. Vivamus vestibulum sagittis sapien. Cum sociis natoque penatibus et magnis dis parturient montes, nascetur ridiculus mus.\r\n\r\nEtiam vel augue. Vestibulum rutrum rutrum neque. Aenean auctor gravida sem.\r\n\r\nPraesent id massa id nisl venenatis lacinia. Aenean sit amet justo. Morbi ut odio.\r\n\r\nCras mi pede, malesuada in, imperdiet et, commodo vulputate, justo. In blandit ultrices enim. Lorem ipsum dolor sit amet, consectetuer adipiscing elit.\r\n\r\nProin interdum mauris non ligula pellentesque ultrices. Phasellus id sapien in sapien iaculis congue. Vivamus metus arcu, adipiscing molestie, hendrerit at, vulputate vitae, nisl.\r\n\r\nAenean lectus. Pellentesque eget nunc. Donec quis orci eget orci vehicula condimentum.\r\n\r\nCurabitur in libero ut massa volutpat convallis. Morbi odio odio, elementum eu, interdum eu, tincidunt in, leo. Maecenas pulvinar lobortis est.\r\n\r\nPhasellus sit amet erat. Nulla tempus. Vivamus in felis eu sapien cursus vestibulum.\r\n\r\nProin eu mi. Nulla ac enim. In tempor, turpis nec euismod scelerisque, quam turpis adipiscing lorem, vitae mattis nibh ligula nec sem.\r\n\r\nDuis aliquam convallis nunc. Proin at turpis a pede posuere nonummy. Integer non velit.\r\n\r\nDonec diam neque, vestibulum eget, vulputate ut, ultrices vel, augue. Vestibulum ante ipsum primis in faucibus orci luctus et ultrices posuere cubilia Curae; Donec pharetra, magna vestibulum aliquet ultrices, erat tortor sollicitudin mi, sit amet lobortis sapien sapien non mi. Integer ac neque.\r\n\r\nDuis bibendum. Morbi non quam nec dui luctus rutrum. Nulla tellus.\r\n\r\nIn sagittis dui vel nisl. Duis ac nibh. Fusce lacus purus, aliquet at, feugiat non, pretium quis, lectus.\r\n\r\nSuspendisse potenti. In eleifend quam a odio. In hac habitasse platea dictumst.', 6, '2022-07-20 00:00:00', 'http://dummyimage.com/238x292.png/5fa2dd/ffffff'),
(5, 'Bài hát nhạc sĩ nổi tiếng', 'Đừng Hỏi Em Vì Sao', 1, 'Phần tóm tắt nội dung bài viết phê bình âm nhạc 1', 'Etiam vel augue. Vestibulum rutrum rutrum neque. Aenean auctor gravida sem.\r\n\r\nPraesent id massa id nisl venenatis lacinia. Aenean sit amet justo. Morbi ut odio.\r\n\r\nCras mi pede, malesuada in, imperdiet et, commodo vulputate, justo. In blandit ultrices enim. Lorem ipsum dolor sit amet, consectetuer adipiscing elit.\r\n\r\nProin interdum mauris non ligula pellentesque ultrices. Phasellus id sapien in sapien iaculis congue. Vivamus metus arcu, adipiscing molestie, hendrerit at, vulputate vitae, nisl.\r\n\r\nAenean lectus. Pellentesque eget nunc. Donec quis orci eget orci vehicula condimentum.\r\n\r\nCurabitur in libero ut massa volutpat convallis. Morbi odio odio, elementum eu, interdum eu, tincidunt in, leo. Maecenas pulvinar lobortis est.\r\n\r\nPhasellus sit amet erat. Nulla tempus. Vivamus in felis eu sapien cursus vestibulum.\r\n\r\nProin eu mi. Nulla ac enim. In tempor, turpis nec euismod scelerisque, quam turpis adipiscing lorem, vitae mattis nibh ligula nec sem.\r\n\r\nDuis aliquam convallis nunc. Proin at turpis a pede posuere nonummy. Integer non velit.\r\n\r\nDonec diam neque, vestibulum eget, vulputate ut, ultrices vel, augue. Vestibulum ante ipsum primis in faucibus orci luctus et ultrices posuere cubilia Curae; Donec pharetra, magna vestibulum aliquet ultrices, erat tortor sollicitudin mi, sit amet lobortis sapien sapien non mi. Integer ac neque.\r\n\r\nDuis bibendum. Morbi non quam nec dui luctus rutrum. Nulla tellus.\r\n\r\nIn sagittis dui vel nisl. Duis ac nibh. Fusce lacus purus, aliquet at, feugiat non, pretium quis, lectus.\r\n\r\nSuspendisse potenti. In eleifend quam a odio. In hac habitasse platea dictumst.\r\n\r\nMaecenas ut massa quis augue luctus tincidunt. Nulla mollis molestie lorem. Quisque ut erat.\r\n\r\nCurabitur gravida nisi at nibh. In hac habitasse platea dictumst. Aliquam augue quam, sollicitudin vitae, consectetuer eget, rutrum at, lorem.\r\n\r\nInteger tincidunt ante vel ipsum. Praesent blandit lacinia erat. Vestibulum sed magna at nunc commodo placerat.\r\n\r\nPraesent blandit. Nam nulla. Integer pede justo, lacinia eget, tincidunt eget, tempus vel, pede.\r\n\r\nMorbi porttitor lorem id ligula. Suspendisse ornare consequat lectus. In est risus, auctor sed, tristique in, tempus sit amet, sem.', 15, '2022-02-27 00:00:00', 'http://dummyimage.com/201x290.png/ff4444/ffffff'),
(6, 'Bài hát nhạc dân ca', 'Đừng Hỏi Em', 7, 'Phần tóm tắt nội dung bài viết phê bình âm nhạc 22', 'Mauris enim leo, rhoncus sed, vestibulum sit amet, cursus id, turpis. Integer aliquet, massa id lobortis convallis, tortor risus dapibus augue, vel accumsan tellus nisi eu orci. Mauris lacinia sapien quis libero.\r\n\r\nNullam sit amet turpis elementum ligula vehicula consequat. Morbi a ipsum. Integer a nibh.\r\n\r\nIn quis justo. Maecenas rhoncus aliquam lacus. Morbi quis tortor id nulla ultrices aliquet.\r\n\r\nMaecenas leo odio, condimentum id, luctus nec, molestie sed, justo. Pellentesque viverra pede ac diam. Cras pellentesque volutpat dui.\r\n\r\nMaecenas tristique, est et tempus semper, est quam pharetra magna, ac consequat metus sapien ut nunc. Vestibulum ante ipsum primis in faucibus orci luctus et ultrices posuere cubilia Curae; Mauris viverra diam vitae quam. Suspendisse potenti.\r\n\r\nNullam porttitor lacus at turpis. Donec posuere metus vitae ipsum. Aliquam non mauris.\r\n\r\nMorbi non lectus. Aliquam sit amet diam in magna bibendum imperdiet. Nullam orci pede, venenatis non, sodales sed, tincidunt eu, felis.\r\n\r\nFusce posuere felis sed lacus. Morbi sem mauris, laoreet ut, rhoncus aliquet, pulvinar sed, nisl. Nunc rhoncus dui vel sem.\r\n\r\nSed sagittis. Nam congue, risus semper porta volutpat, quam pede lobortis ligula, sit amet eleifend pede libero quis orci. Nullam molestie nibh in lectus.\r\n\r\nPellentesque at nulla. Suspendisse potenti. Cras in purus eu magna vulputate luctus.\r\n\r\nCum sociis natoque penatibus et magnis dis parturient montes, nascetur ridiculus mus. Vivamus vestibulum sagittis sapien. Cum sociis natoque penatibus et magnis dis parturient montes, nascetur ridiculus mus.\r\n\r\nEtiam vel augue. Vestibulum rutrum rutrum neque. Aenean auctor gravida sem.', 13, '2022-09-20 00:00:00', 'http://dummyimage.com/239x239.png/ff4444/ffffff'),
(7, 'Các bài hát gây sốt', 'Mình Yêu Nhau Đi', 8, 'Phần tóm tắt nội dung bài viết phê bình âm nhạc 15', 'Aenean lectus. Pellentesque eget nunc. Donec quis orci eget orci vehicula condimentum.\r\n\r\nCurabitur in libero ut massa volutpat convallis. Morbi odio odio, elementum eu, interdum eu, tincidunt in, leo. Maecenas pulvinar lobortis est.\r\n\r\nPhasellus sit amet erat. Nulla tempus. Vivamus in felis eu sapien cursus vestibulum.\r\n\r\nProin eu mi. Nulla ac enim. In tempor, turpis nec euismod scelerisque, quam turpis adipiscing lorem, vitae mattis nibh ligula nec sem.\r\n\r\nDuis aliquam convallis nunc. Proin at turpis a pede posuere nonummy. Integer non velit.\r\n\r\nDonec diam neque, vestibulum eget, vulputate ut, ultrices vel, augue. Vestibulum ante ipsum primis in faucibus orci luctus et ultrices posuere cubilia Curae; Donec pharetra, magna vestibulum aliquet ultrices, erat tortor sollicitudin mi, sit amet lobortis sapien sapien non mi. Integer ac neque.\r\n\r\nDuis bibendum. Morbi non quam nec dui luctus rutrum. Nulla tellus.\r\n\r\nIn sagittis dui vel nisl. Duis ac nibh. Fusce lacus purus, aliquet at, feugiat non, pretium quis, lectus.\r\n\r\nSuspendisse potenti. In eleifend quam a odio. In hac habitasse platea dictumst.\r\n\r\nMaecenas ut massa quis augue luctus tincidunt. Nulla mollis molestie lorem. Quisque ut erat.\r\n\r\nCurabitur gravida nisi at nibh. In hac habitasse platea dictumst. Aliquam augue quam, sollicitudin vitae, consectetuer eget, rutrum at, lorem.\r\n\r\nInteger tincidunt ante vel ipsum. Praesent blandit lacinia erat. Vestibulum sed magna at nunc commodo placerat.\r\n\r\nPraesent blandit. Nam nulla. Integer pede justo, lacinia eget, tincidunt eget, tempus vel, pede.\r\n\r\nMorbi porttitor lorem id ligula. Suspendisse ornare consequat lectus. In est risus, auctor sed, tristique in, tempus sit amet, sem.\r\n\r\nFusce consequat. Nulla nisl. Nunc nisl.\r\n\r\nDuis bibendum, felis sed interdum venenatis, turpis enim blandit mi, in porttitor pede justo eu massa. Donec dapibus. Duis at velit eu est congue elementum.\r\n\r\nIn hac habitasse platea dictumst. Morbi vestibulum, velit id pretium iaculis, diam erat fermentum justo, nec condimentum neque sapien placerat ante. Nulla justo.\r\n\r\nAliquam quis turpis eget elit sodales scelerisque. Mauris sit amet eros. Suspendisse accumsan tortor quis turpis.\r\n\r\nSed ante. Vivamus tortor. Duis mattis egestas metus.\r\n\r\nAenean fermentum. Donec ut mauris eget massa tempor convallis. Nulla neque libero, convallis eget, eleifend luctus, ultricies eu, nibh.\r\n\r\nQuisque id justo sit amet sapien dignissim vestibulum. Vestibulum ante ipsum primis in faucibus orci luctus et ultrices posuere cubilia Curae; Nulla dapibus dolor vel est. Donec odio justo, sollicitudin ut, suscipit a, feugiat et, eros.\r\n\r\nVestibulum ac est lacinia nisi venenatis tristique. Fusce congue, diam id ornare imperdiet, sapien urna pretium nisl, ut volutpat sapien arcu sed augue. Aliquam erat volutpat.', 15, '2022-01-03 00:00:00', 'http://dummyimage.com/294x299.png/dddddd/000000'),
(8, 'Bài hát nhạc bolero', 'Cảm Ơn Vì Tất Cả', 9, 'Phần tóm tắt nội dung bài viết phê bình âm nhạc 12', 'Proin eu mi. Nulla ac enim. In tempor, turpis nec euismod scelerisque, quam turpis adipiscing lorem, vitae mattis nibh ligula nec sem.\r\n\r\nDuis aliquam convallis nunc. Proin at turpis a pede posuere nonummy. Integer non velit.\r\n\r\nDonec diam neque, vestibulum eget, vulputate ut, ultrices vel, augue. Vestibulum ante ipsum primis in faucibus orci luctus et ultrices posuere cubilia Curae; Donec pharetra, magna vestibulum aliquet ultrices, erat tortor sollicitudin mi, sit amet lobortis sapien sapien non mi. Integer ac neque.\r\n\r\nDuis bibendum. Morbi non quam nec dui luctus rutrum. Nulla tellus.\r\n\r\nIn sagittis dui vel nisl. Duis ac nibh. Fusce lacus purus, aliquet at, feugiat non, pretium quis, lectus.\r\n\r\nSuspendisse potenti. In eleifend quam a odio. In hac habitasse platea dictumst.\r\n\r\nMaecenas ut massa quis augue luctus tincidunt. Nulla mollis molestie lorem. Quisque ut erat.\r\n\r\nCurabitur gravida nisi at nibh. In hac habitasse platea dictumst. Aliquam augue quam, sollicitudin vitae, consectetuer eget, rutrum at, lorem.\r\n\r\nInteger tincidunt ante vel ipsum. Praesent blandit lacinia erat. Vestibulum sed magna at nunc commodo placerat.\r\n\r\nPraesent blandit. Nam nulla. Integer pede justo, lacinia eget, tincidunt eget, tempus vel, pede.\r\n\r\nMorbi porttitor lorem id ligula. Suspendisse ornare consequat lectus. In est risus, auctor sed, tristique in, tempus sit amet, sem.\r\n\r\nFusce consequat. Nulla nisl. Nunc nisl.\r\n\r\nDuis bibendum, felis sed interdum venenatis, turpis enim blandit mi, in porttitor pede justo eu massa. Donec dapibus. Duis at velit eu est congue elementum.\r\n\r\nIn hac habitasse platea dictumst. Morbi vestibulum, velit id pretium iaculis, diam erat fermentum justo, nec condimentum neque sapien placerat ante. Nulla justo.\r\n\r\nAliquam quis turpis eget elit sodales scelerisque. Mauris sit amet eros. Suspendisse accumsan tortor quis turpis.\r\n\r\nSed ante. Vivamus tortor. Duis mattis egestas metus.\r\n\r\nAenean fermentum. Donec ut mauris eget massa tempor convallis. Nulla neque libero, convallis eget, eleifend luctus, ultricies eu, nibh.\r\n\r\nQuisque id justo sit amet sapien dignissim vestibulum. Vestibulum ante ipsum primis in faucibus orci luctus et ultrices posuere cubilia Curae; Nulla dapibus dolor vel est. Donec odio justo, sollicitudin ut, suscipit a, feugiat et, eros.\r\n\r\nVestibulum ac est lacinia nisi venenatis tristique. Fusce congue, diam id ornare imperdiet, sapien urna pretium nisl, ut volutpat sapien arcu sed augue. Aliquam erat volutpat.\r\n\r\nIn congue. Etiam justo. Etiam pretium iaculis justo.\r\n\r\nIn hac habitasse platea dictumst. Etiam faucibus cursus urna. Ut tellus.\r\n\r\nNulla ut erat id mauris vulputate elementum. Nullam varius. Nulla facilisi.\r\n\r\nCras non velit nec nisi vulputate nonummy. Maecenas tincidunt lacus at velit. Vivamus vel nulla eget eros elementum pellentesque.\r\n\r\nQuisque porta volutpat erat. Quisque erat eros, viverra eget, congue eget, semper rutrum, nulla. Nunc purus.\r\n\r\nPhasellus in felis. Donec semper sapien a libero. Nam dui.\r\n\r\nProin leo odio, porttitor id, consequat in, consequat ut, nulla. Sed accumsan felis. Ut at dolor quis odio consequat varius.', 17, '2022-01-22 00:00:00', 'http://dummyimage.com/203x294.png/cc0000/ffffff'),
(9, 'Bài hát nhạc trẻ', 'Đừng Ai Nhắc Về Anh Ấy', 1, 'Phần tóm tắt nội dung bài viết phê bình âm nhạc 19', 'Nullam porttitor lacus at turpis. Donec posuere metus vitae ipsum. Aliquam non mauris.\r\n\r\nMorbi non lectus. Aliquam sit amet diam in magna bibendum imperdiet. Nullam orci pede, venenatis non, sodales sed, tincidunt eu, felis.\r\n\r\nFusce posuere felis sed lacus. Morbi sem mauris, laoreet ut, rhoncus aliquet, pulvinar sed, nisl. Nunc rhoncus dui vel sem.\r\n\r\nSed sagittis. Nam congue, risus semper porta volutpat, quam pede lobortis ligula, sit amet eleifend pede libero quis orci. Nullam molestie nibh in lectus.\r\n\r\nPellentesque at nulla. Suspendisse potenti. Cras in purus eu magna vulputate luctus.\r\n\r\nCum sociis natoque penatibus et magnis dis parturient montes, nascetur ridiculus mus. Vivamus vestibulum sagittis sapien. Cum sociis natoque penatibus et magnis dis parturient montes, nascetur ridiculus mus.\r\n\r\nEtiam vel augue. Vestibulum rutrum rutrum neque. Aenean auctor gravida sem.\r\n\r\nPraesent id massa id nisl venenatis lacinia. Aenean sit amet justo. Morbi ut odio.\r\n\r\nCras mi pede, malesuada in, imperdiet et, commodo vulputate, justo. In blandit ultrices enim. Lorem ipsum dolor sit amet, consectetuer adipiscing elit.\r\n\r\nProin interdum mauris non ligula pellentesque ultrices. Phasellus id sapien in sapien iaculis congue. Vivamus metus arcu, adipiscing molestie, hendrerit at, vulputate vitae, nisl.\r\n\r\nAenean lectus. Pellentesque eget nunc. Donec quis orci eget orci vehicula condimentum.\r\n\r\nCurabitur in libero ut massa volutpat convallis. Morbi odio odio, elementum eu, interdum eu, tincidunt in, leo. Maecenas pulvinar lobortis est.\r\n\r\nPhasellus sit amet erat. Nulla tempus. Vivamus in felis eu sapien cursus vestibulum.', 6, '2023-06-23 00:00:00', 'http://dummyimage.com/265x210.png/dddddd/000000'),
(10, 'Bài hát rock', 'Anh Nhà Ở Đâu Thế', 4, 'Phần tóm tắt nội dung bài viết phê bình âm nhạc 4', 'Suspendisse potenti. In eleifend quam a odio. In hac habitasse platea dictumst.\r\n\r\nMaecenas ut massa quis augue luctus tincidunt. Nulla mollis molestie lorem. Quisque ut erat.\r\n\r\nCurabitur gravida nisi at nibh. In hac habitasse platea dictumst. Aliquam augue quam, sollicitudin vitae, consectetuer eget, rutrum at, lorem.\r\n\r\nInteger tincidunt ante vel ipsum. Praesent blandit lacinia erat. Vestibulum sed magna at nunc commodo placerat.\r\n\r\nPraesent blandit. Nam nulla. Integer pede justo, lacinia eget, tincidunt eget, tempus vel, pede.\r\n\r\nMorbi porttitor lorem id ligula. Suspendisse ornare consequat lectus. In est risus, auctor sed, tristique in, tempus sit amet, sem.\r\n\r\nFusce consequat. Nulla nisl. Nunc nisl.\r\n\r\nDuis bibendum, felis sed interdum venenatis, turpis enim blandit mi, in porttitor pede justo eu massa. Donec dapibus. Duis at velit eu est congue elementum.\r\n\r\nIn hac habitasse platea dictumst. Morbi vestibulum, velit id pretium iaculis, diam erat fermentum justo, nec condimentum neque sapien placerat ante. Nulla justo.\r\n\r\nAliquam quis turpis eget elit sodales scelerisque. Mauris sit amet eros. Suspendisse accumsan tortor quis turpis.\r\n\r\nSed ante. Vivamus tortor. Duis mattis egestas metus.', 5, '2023-07-10 00:00:00', 'http://dummyimage.com/244x284.png/5fa2dd/ffffff'),
(11, 'Bài hát nhạc dân ca', 'Nếu Ngày Ấy', 7, 'Phần tóm tắt nội dung bài viết phê bình âm nhạc 18', 'Integer tincidunt ante vel ipsum. Praesent blandit lacinia erat. Vestibulum sed magna at nunc commodo placerat.\r\n\r\nPraesent blandit. Nam nulla. Integer pede justo, lacinia eget, tincidunt eget, tempus vel, pede.\r\n\r\nMorbi porttitor lorem id ligula. Suspendisse ornare consequat lectus. In est risus, auctor sed, tristique in, tempus sit amet, sem.\r\n\r\nFusce consequat. Nulla nisl. Nunc nisl.\r\n\r\nDuis bibendum, felis sed interdum venenatis, turpis enim blandit mi, in porttitor pede justo eu massa. Donec dapibus. Duis at velit eu est congue elementum.\r\n\r\nIn hac habitasse platea dictumst. Morbi vestibulum, velit id pretium iaculis, diam erat fermentum justo, nec condimentum neque sapien placerat ante. Nulla justo.\r\n\r\nAliquam quis turpis eget elit sodales scelerisque. Mauris sit amet eros. Suspendisse accumsan tortor quis turpis.\r\n\r\nSed ante. Vivamus tortor. Duis mattis egestas metus.\r\n\r\nAenean fermentum. Donec ut mauris eget massa tempor convallis. Nulla neque libero, convallis eget, eleifend luctus, ultricies eu, nibh.\r\n\r\nQuisque id justo sit amet sapien dignissim vestibulum. Vestibulum ante ipsum primis in faucibus orci luctus et ultrices posuere cubilia Curae; Nulla dapibus dolor vel est. Donec odio justo, sollicitudin ut, suscipit a, feugiat et, eros.\r\n\r\nVestibulum ac est lacinia nisi venenatis tristique. Fusce congue, diam id ornare imperdiet, sapien urna pretium nisl, ut volutpat sapien arcu sed augue. Aliquam erat volutpat.\r\n\r\nIn congue. Etiam justo. Etiam pretium iaculis justo.\r\n\r\nIn hac habitasse platea dictumst. Etiam faucibus cursus urna. Ut tellus.\r\n\r\nNulla ut erat id mauris vulputate elementum. Nullam varius. Nulla facilisi.\r\n\r\nCras non velit nec nisi vulputate nonummy. Maecenas tincidunt lacus at velit. Vivamus vel nulla eget eros elementum pellentesque.\r\n\r\nQuisque porta volutpat erat. Quisque erat eros, viverra eget, congue eget, semper rutrum, nulla. Nunc purus.', 4, '2023-03-15 00:00:00', 'http://dummyimage.com/253x277.png/cc0000/ffffff'),
(12, 'Các bài hát gây sốt', 'Em Gái Mưa', 6, 'Phần tóm tắt nội dung bài viết phê bình âm nhạc 5', 'Cras mi pede, malesuada in, imperdiet et, commodo vulputate, justo. In blandit ultrices enim. Lorem ipsum dolor sit amet, consectetuer adipiscing elit.\r\n\r\nProin interdum mauris non ligula pellentesque ultrices. Phasellus id sapien in sapien iaculis congue. Vivamus metus arcu, adipiscing molestie, hendrerit at, vulputate vitae, nisl.\r\n\r\nAenean lectus. Pellentesque eget nunc. Donec quis orci eget orci vehicula condimentum.\r\n\r\nCurabitur in libero ut massa volutpat convallis. Morbi odio odio, elementum eu, interdum eu, tincidunt in, leo. Maecenas pulvinar lobortis est.\r\n\r\nPhasellus sit amet erat. Nulla tempus. Vivamus in felis eu sapien cursus vestibulum.\r\n\r\nProin eu mi. Nulla ac enim. In tempor, turpis nec euismod scelerisque, quam turpis adipiscing lorem, vitae mattis nibh ligula nec sem.\r\n\r\nDuis aliquam convallis nunc. Proin at turpis a pede posuere nonummy. Integer non velit.\r\n\r\nDonec diam neque, vestibulum eget, vulputate ut, ultrices vel, augue. Vestibulum ante ipsum primis in faucibus orci luctus et ultrices posuere cubilia Curae; Donec pharetra, magna vestibulum aliquet ultrices, erat tortor sollicitudin mi, sit amet lobortis sapien sapien non mi. Integer ac neque.\r\n\r\nDuis bibendum. Morbi non quam nec dui luctus rutrum. Nulla tellus.\r\n\r\nIn sagittis dui vel nisl. Duis ac nibh. Fusce lacus purus, aliquet at, feugiat non, pretium quis, lectus.\r\n\r\nSuspendisse potenti. In eleifend quam a odio. In hac habitasse platea dictumst.\r\n\r\nMaecenas ut massa quis augue luctus tincidunt. Nulla mollis molestie lorem. Quisque ut erat.\r\n\r\nCurabitur gravida nisi at nibh. In hac habitasse platea dictumst. Aliquam augue quam, sollicitudin vitae, consectetuer eget, rutrum at, lorem.\r\n\r\nInteger tincidunt ante vel ipsum. Praesent blandit lacinia erat. Vestibulum sed magna at nunc commodo placerat.\r\n\r\nPraesent blandit. Nam nulla. Integer pede justo, lacinia eget, tincidunt eget, tempus vel, pede.\r\n\r\nMorbi porttitor lorem id ligula. Suspendisse ornare consequat lectus. In est risus, auctor sed, tristique in, tempus sit amet, sem.\r\n\r\nFusce consequat. Nulla nisl. Nunc nisl.\r\n\r\nDuis bibendum, felis sed interdum venenatis, turpis enim blandit mi, in porttitor pede justo eu massa. Donec dapibus. Duis at velit eu est congue elementum.\r\n\r\nIn hac habitasse platea dictumst. Morbi vestibulum, velit id pretium iaculis, diam erat fermentum justo, nec condimentum neque sapien placerat ante. Nulla justo.\r\n\r\nAliquam quis turpis eget elit sodales scelerisque. Mauris sit amet eros. Suspendisse accumsan tortor quis turpis.\r\n\r\nSed ante. Vivamus tortor. Duis mattis egestas metus.\r\n\r\nAenean fermentum. Donec ut mauris eget massa tempor convallis. Nulla neque libero, convallis eget, eleifend luctus, ultricies eu, nibh.\r\n\r\nQuisque id justo sit amet sapien dignissim vestibulum. Vestibulum ante ipsum primis in faucibus orci luctus et ultrices posuere cubilia Curae; Nulla dapibus dolor vel est. Donec odio justo, sollicitudin ut, suscipit a, feugiat et, eros.\r\n\r\nVestibulum ac est lacinia nisi venenatis tristique. Fusce congue, diam id ornare imperdiet, sapien urna pretium nisl, ut volutpat sapien arcu sed augue. Aliquam erat volutpat.\r\n\r\nIn congue. Etiam justo. Etiam pretium iaculis justo.\r\n\r\nIn hac habitasse platea dictumst. Etiam faucibus cursus urna. Ut tellus.\r\n\r\nNulla ut erat id mauris vulputate elementum. Nullam varius. Nulla facilisi.\r\n\r\nCras non velit nec nisi vulputate nonummy. Maecenas tincidunt lacus at velit. Vivamus vel nulla eget eros elementum pellentesque.', 18, '2022-01-22 00:00:00', 'http://dummyimage.com/263x225.png/cc0000/ffffff'),
(13, 'Bài hát nhạc bolero', 'Em Gái Mưa', 5, 'Phần tóm tắt nội dung bài viết phê bình âm nhạc 1', 'Proin eu mi. Nulla ac enim. In tempor, turpis nec euismod scelerisque, quam turpis adipiscing lorem, vitae mattis nibh ligula nec sem.\r\n\r\nDuis aliquam convallis nunc. Proin at turpis a pede posuere nonummy. Integer non velit.\r\n\r\nDonec diam neque, vestibulum eget, vulputate ut, ultrices vel, augue. Vestibulum ante ipsum primis in faucibus orci luctus et ultrices posuere cubilia Curae; Donec pharetra, magna vestibulum aliquet ultrices, erat tortor sollicitudin mi, sit amet lobortis sapien sapien non mi. Integer ac neque.\r\n\r\nDuis bibendum. Morbi non quam nec dui luctus rutrum. Nulla tellus.\r\n\r\nIn sagittis dui vel nisl. Duis ac nibh. Fusce lacus purus, aliquet at, feugiat non, pretium quis, lectus.\r\n\r\nSuspendisse potenti. In eleifend quam a odio. In hac habitasse platea dictumst.\r\n\r\nMaecenas ut massa quis augue luctus tincidunt. Nulla mollis molestie lorem. Quisque ut erat.\r\n\r\nCurabitur gravida nisi at nibh. In hac habitasse platea dictumst. Aliquam augue quam, sollicitudin vitae, consectetuer eget, rutrum at, lorem.\r\n\r\nInteger tincidunt ante vel ipsum. Praesent blandit lacinia erat. Vestibulum sed magna at nunc commodo placerat.\r\n\r\nPraesent blandit. Nam nulla. Integer pede justo, lacinia eget, tincidunt eget, tempus vel, pede.\r\n\r\nMorbi porttitor lorem id ligula. Suspendisse ornare consequat lectus. In est risus, auctor sed, tristique in, tempus sit amet, sem.\r\n\r\nFusce consequat. Nulla nisl. Nunc nisl.\r\n\r\nDuis bibendum, felis sed interdum venenatis, turpis enim blandit mi, in porttitor pede justo eu massa. Donec dapibus. Duis at velit eu est congue elementum.\r\n\r\nIn hac habitasse platea dictumst. Morbi vestibulum, velit id pretium iaculis, diam erat fermentum justo, nec condimentum neque sapien placerat ante. Nulla justo.\r\n\r\nAliquam quis turpis eget elit sodales scelerisque. Mauris sit amet eros. Suspendisse accumsan tortor quis turpis.\r\n\r\nSed ante. Vivamus tortor. Duis mattis egestas metus.\r\n\r\nAenean fermentum. Donec ut mauris eget massa tempor convallis. Nulla neque libero, convallis eget, eleifend luctus, ultricies eu, nibh.\r\n\r\nQuisque id justo sit amet sapien dignissim vestibulum. Vestibulum ante ipsum primis in faucibus orci luctus et ultrices posuere cubilia Curae; Nulla dapibus dolor vel est. Donec odio justo, sollicitudin ut, suscipit a, feugiat et, eros.\r\n\r\nVestibulum ac est lacinia nisi venenatis tristique. Fusce congue, diam id ornare imperdiet, sapien urna pretium nisl, ut volutpat sapien arcu sed augue. Aliquam erat volutpat.\r\n\r\nIn congue. Etiam justo. Etiam pretium iaculis justo.', 7, '2022-11-15 00:00:00', 'http://dummyimage.com/277x208.png/cc0000/ffffff'),
(14, 'Bài hát nhạc trẻ', 'Điều Anh Biết', 8, 'Phần tóm tắt nội dung bài viết phê bình âm nhạc 3', 'Fusce posuere felis sed lacus. Morbi sem mauris, laoreet ut, rhoncus aliquet, pulvinar sed, nisl. Nunc rhoncus dui vel sem.\r\n\r\nSed sagittis. Nam congue, risus semper porta volutpat, quam pede lobortis ligula, sit amet eleifend pede libero quis orci. Nullam molestie nibh in lectus.\r\n\r\nPellentesque at nulla. Suspendisse potenti. Cras in purus eu magna vulputate luctus.\r\n\r\nCum sociis natoque penatibus et magnis dis parturient montes, nascetur ridiculus mus. Vivamus vestibulum sagittis sapien. Cum sociis natoque penatibus et magnis dis parturient montes, nascetur ridiculus mus.\r\n\r\nEtiam vel augue. Vestibulum rutrum rutrum neque. Aenean auctor gravida sem.\r\n\r\nPraesent id massa id nisl venenatis lacinia. Aenean sit amet justo. Morbi ut odio.\r\n\r\nCras mi pede, malesuada in, imperdiet et, commodo vulputate, justo. In blandit ultrices enim. Lorem ipsum dolor sit amet, consectetuer adipiscing elit.\r\n\r\nProin interdum mauris non ligula pellentesque ultrices. Phasellus id sapien in sapien iaculis congue. Vivamus metus arcu, adipiscing molestie, hendrerit at, vulputate vitae, nisl.\r\n\r\nAenean lectus. Pellentesque eget nunc. Donec quis orci eget orci vehicula condimentum.\r\n\r\nCurabitur in libero ut massa volutpat convallis. Morbi odio odio, elementum eu, interdum eu, tincidunt in, leo. Maecenas pulvinar lobortis est.\r\n\r\nPhasellus sit amet erat. Nulla tempus. Vivamus in felis eu sapien cursus vestibulum.\r\n\r\nProin eu mi. Nulla ac enim. In tempor, turpis nec euismod scelerisque, quam turpis adipiscing lorem, vitae mattis nibh ligula nec sem.\r\n\r\nDuis aliquam convallis nunc. Proin at turpis a pede posuere nonummy. Integer non velit.\r\n\r\nDonec diam neque, vestibulum eget, vulputate ut, ultrices vel, augue. Vestibulum ante ipsum primis in faucibus orci luctus et ultrices posuere cubilia Curae; Donec pharetra, magna vestibulum aliquet ultrices, erat tortor sollicitudin mi, sit amet lobortis sapien sapien non mi. Integer ac neque.\r\n\r\nDuis bibendum. Morbi non quam nec dui luctus rutrum. Nulla tellus.\r\n\r\nIn sagittis dui vel nisl. Duis ac nibh. Fusce lacus purus, aliquet at, feugiat non, pretium quis, lectus.\r\n\r\nSuspendisse potenti. In eleifend quam a odio. In hac habitasse platea dictumst.\r\n\r\nMaecenas ut massa quis augue luctus tincidunt. Nulla mollis molestie lorem. Quisque ut erat.\r\n\r\nCurabitur gravida nisi at nibh. In hac habitasse platea dictumst. Aliquam augue quam, sollicitudin vitae, consectetuer eget, rutrum at, lorem.\r\n\r\nInteger tincidunt ante vel ipsum. Praesent blandit lacinia erat. Vestibulum sed magna at nunc commodo placerat.\r\n\r\nPraesent blandit. Nam nulla. Integer pede justo, lacinia eget, tincidunt eget, tempus vel, pede.\r\n\r\nMorbi porttitor lorem id ligula. Suspendisse ornare consequat lectus. In est risus, auctor sed, tristique in, tempus sit amet, sem.\r\n\r\nFusce consequat. Nulla nisl. Nunc nisl.\r\n\r\nDuis bibendum, felis sed interdum venenatis, turpis enim blandit mi, in porttitor pede justo eu massa. Donec dapibus. Duis at velit eu est congue elementum.\r\n\r\nIn hac habitasse platea dictumst. Morbi vestibulum, velit id pretium iaculis, diam erat fermentum justo, nec condimentum neque sapien placerat ante. Nulla justo.', 5, '2022-02-13 00:00:00', 'http://dummyimage.com/263x252.png/ff4444/ffffff'),
(15, 'Bài hát nhạc quốc tế', 'Em Gái Mưa', 9, 'Phần tóm tắt nội dung bài viết phê bình âm nhạc 22', 'Curabitur in libero ut massa volutpat convallis. Morbi odio odio, elementum eu, interdum eu, tincidunt in, leo. Maecenas pulvinar lobortis est.\r\n\r\nPhasellus sit amet erat. Nulla tempus. Vivamus in felis eu sapien cursus vestibulum.\r\n\r\nProin eu mi. Nulla ac enim. In tempor, turpis nec euismod scelerisque, quam turpis adipiscing lorem, vitae mattis nibh ligula nec sem.\r\n\r\nDuis aliquam convallis nunc. Proin at turpis a pede posuere nonummy. Integer non velit.\r\n\r\nDonec diam neque, vestibulum eget, vulputate ut, ultrices vel, augue. Vestibulum ante ipsum primis in faucibus orci luctus et ultrices posuere cubilia Curae; Donec pharetra, magna vestibulum aliquet ultrices, erat tortor sollicitudin mi, sit amet lobortis sapien sapien non mi. Integer ac neque.\r\n\r\nDuis bibendum. Morbi non quam nec dui luctus rutrum. Nulla tellus.\r\n\r\nIn sagittis dui vel nisl. Duis ac nibh. Fusce lacus purus, aliquet at, feugiat non, pretium quis, lectus.\r\n\r\nSuspendisse potenti. In eleifend quam a odio. In hac habitasse platea dictumst.\r\n\r\nMaecenas ut massa quis augue luctus tincidunt. Nulla mollis molestie lorem. Quisque ut erat.\r\n\r\nCurabitur gravida nisi at nibh. In hac habitasse platea dictumst. Aliquam augue quam, sollicitudin vitae, consectetuer eget, rutrum at, lorem.\r\n\r\nInteger tincidunt ante vel ipsum. Praesent blandit lacinia erat. Vestibulum sed magna at nunc commodo placerat.', 9, '2022-07-24 00:00:00', 'http://dummyimage.com/243x241.png/ff4444/ffffff'),
(16, 'Những bài hát trữ tình', 'Mình Yêu Nhau Đi', 1, 'Phần tóm tắt nội dung bài viết phê bình âm nhạc 30', 'Cras mi pede, malesuada in, imperdiet et, commodo vulputate, justo. In blandit ultrices enim. Lorem ipsum dolor sit amet, consectetuer adipiscing elit.\r\n\r\nProin interdum mauris non ligula pellentesque ultrices. Phasellus id sapien in sapien iaculis congue. Vivamus metus arcu, adipiscing molestie, hendrerit at, vulputate vitae, nisl.\r\n\r\nAenean lectus. Pellentesque eget nunc. Donec quis orci eget orci vehicula condimentum.\r\n\r\nCurabitur in libero ut massa volutpat convallis. Morbi odio odio, elementum eu, interdum eu, tincidunt in, leo. Maecenas pulvinar lobortis est.\r\n\r\nPhasellus sit amet erat. Nulla tempus. Vivamus in felis eu sapien cursus vestibulum.\r\n\r\nProin eu mi. Nulla ac enim. In tempor, turpis nec euismod scelerisque, quam turpis adipiscing lorem, vitae mattis nibh ligula nec sem.\r\n\r\nDuis aliquam convallis nunc. Proin at turpis a pede posuere nonummy. Integer non velit.\r\n\r\nDonec diam neque, vestibulum eget, vulputate ut, ultrices vel, augue. Vestibulum ante ipsum primis in faucibus orci luctus et ultrices posuere cubilia Curae; Donec pharetra, magna vestibulum aliquet ultrices, erat tortor sollicitudin mi, sit amet lobortis sapien sapien non mi. Integer ac neque.\r\n\r\nDuis bibendum. Morbi non quam nec dui luctus rutrum. Nulla tellus.\r\n\r\nIn sagittis dui vel nisl. Duis ac nibh. Fusce lacus purus, aliquet at, feugiat non, pretium quis, lectus.\r\n\r\nSuspendisse potenti. In eleifend quam a odio. In hac habitasse platea dictumst.\r\n\r\nMaecenas ut massa quis augue luctus tincidunt. Nulla mollis molestie lorem. Quisque ut erat.\r\n\r\nCurabitur gravida nisi at nibh. In hac habitasse platea dictumst. Aliquam augue quam, sollicitudin vitae, consectetuer eget, rutrum at, lorem.', 8, '2022-11-10 00:00:00', 'http://dummyimage.com/236x267.png/cc0000/ffffff'),
(17, 'Bài hát nhạc bolero', 'Lạc Trôi', 4, 'Phần tóm tắt nội dung bài viết phê bình âm nhạc 28', 'Lorem ipsum dolor sit amet, consectetuer adipiscing elit. Proin risus. Praesent lectus.\r\n\r\nVestibulum quam sapien, varius ut, blandit non, interdum in, ante. Vestibulum ante ipsum primis in faucibus orci luctus et ultrices posuere cubilia Curae; Duis faucibus accumsan odio. Curabitur convallis.\r\n\r\nDuis consequat dui nec nisi volutpat eleifend. Donec ut dolor. Morbi vel lectus in quam fringilla rhoncus.\r\n\r\nMauris enim leo, rhoncus sed, vestibulum sit amet, cursus id, turpis. Integer aliquet, massa id lobortis convallis, tortor risus dapibus augue, vel accumsan tellus nisi eu orci. Mauris lacinia sapien quis libero.\r\n\r\nNullam sit amet turpis elementum ligula vehicula consequat. Morbi a ipsum. Integer a nibh.\r\n\r\nIn quis justo. Maecenas rhoncus aliquam lacus. Morbi quis tortor id nulla ultrices aliquet.\r\n\r\nMaecenas leo odio, condimentum id, luctus nec, molestie sed, justo. Pellentesque viverra pede ac diam. Cras pellentesque volutpat dui.\r\n\r\nMaecenas tristique, est et tempus semper, est quam pharetra magna, ac consequat metus sapien ut nunc. Vestibulum ante ipsum primis in faucibus orci luctus et ultrices posuere cubilia Curae; Mauris viverra diam vitae quam. Suspendisse potenti.\r\n\r\nNullam porttitor lacus at turpis. Donec posuere metus vitae ipsum. Aliquam non mauris.\r\n\r\nMorbi non lectus. Aliquam sit amet diam in magna bibendum imperdiet. Nullam orci pede, venenatis non, sodales sed, tincidunt eu, felis.\r\n\r\nFusce posuere felis sed lacus. Morbi sem mauris, laoreet ut, rhoncus aliquet, pulvinar sed, nisl. Nunc rhoncus dui vel sem.\r\n\r\nSed sagittis. Nam congue, risus semper porta volutpat, quam pede lobortis ligula, sit amet eleifend pede libero quis orci. Nullam molestie nibh in lectus.\r\n\r\nPellentesque at nulla. Suspendisse potenti. Cras in purus eu magna vulputate luctus.\r\n\r\nCum sociis natoque penatibus et magnis dis parturient montes, nascetur ridiculus mus. Vivamus vestibulum sagittis sapien. Cum sociis natoque penatibus et magnis dis parturient montes, nascetur ridiculus mus.\r\n\r\nEtiam vel augue. Vestibulum rutrum rutrum neque. Aenean auctor gravida sem.\r\n\r\nPraesent id massa id nisl venenatis lacinia. Aenean sit amet justo. Morbi ut odio.\r\n\r\nCras mi pede, malesuada in, imperdiet et, commodo vulputate, justo. In blandit ultrices enim. Lorem ipsum dolor sit amet, consectetuer adipiscing elit.\r\n\r\nProin interdum mauris non ligula pellentesque ultrices. Phasellus id sapien in sapien iaculis congue. Vivamus metus arcu, adipiscing molestie, hendrerit at, vulputate vitae, nisl.\r\n\r\nAenean lectus. Pellentesque eget nunc. Donec quis orci eget orci vehicula condimentum.\r\n\r\nCurabitur in libero ut massa volutpat convallis. Morbi odio odio, elementum eu, interdum eu, tincidunt in, leo. Maecenas pulvinar lobortis est.\r\n\r\nPhasellus sit amet erat. Nulla tempus. Vivamus in felis eu sapien cursus vestibulum.\r\n\r\nProin eu mi. Nulla ac enim. In tempor, turpis nec euismod scelerisque, quam turpis adipiscing lorem, vitae mattis nibh ligula nec sem.\r\n\r\nDuis aliquam convallis nunc. Proin at turpis a pede posuere nonummy. Integer non velit.\r\n\r\nDonec diam neque, vestibulum eget, vulputate ut, ultrices vel, augue. Vestibulum ante ipsum primis in faucibus orci luctus et ultrices posuere cubilia Curae; Donec pharetra, magna vestibulum aliquet ultrices, erat tortor sollicitudin mi, sit amet lobortis sapien sapien non mi. Integer ac neque.\r\n\r\nDuis bibendum. Morbi non quam nec dui luctus rutrum. Nulla tellus.\r\n\r\nIn sagittis dui vel nisl. Duis ac nibh. Fusce lacus purus, aliquet at, feugiat non, pretium quis, lectus.\r\n\r\nSuspendisse potenti. In eleifend quam a odio. In hac habitasse platea dictumst.\r\n\r\nMaecenas ut massa quis augue luctus tincidunt. Nulla mollis molestie lorem. Quisque ut erat.\r\n\r\nCurabitur gravida nisi at nibh. In hac habitasse platea dictumst. Aliquam augue quam, sollicitudin vitae, consectetuer eget, rutrum at, lorem.\r\n\r\nInteger tincidunt ante vel ipsum. Praesent blandit lacinia erat. Vestibulum sed magna at nunc commodo placerat.', 9, '2023-08-10 00:00:00', 'http://dummyimage.com/219x289.png/ff4444/ffffff'),
(18, 'Bài hát nhạc phim', 'Em Của Ngày Hôm Qua', 3, 'Phần tóm tắt nội dung bài viết phê bình âm nhạc 3', 'Proin interdum mauris non ligula pellentesque ultrices. Phasellus id sapien in sapien iaculis congue. Vivamus metus arcu, adipiscing molestie, hendrerit at, vulputate vitae, nisl.\r\n\r\nAenean lectus. Pellentesque eget nunc. Donec quis orci eget orci vehicula condimentum.\r\n\r\nCurabitur in libero ut massa volutpat convallis. Morbi odio odio, elementum eu, interdum eu, tincidunt in, leo. Maecenas pulvinar lobortis est.\r\n\r\nPhasellus sit amet erat. Nulla tempus. Vivamus in felis eu sapien cursus vestibulum.\r\n\r\nProin eu mi. Nulla ac enim. In tempor, turpis nec euismod scelerisque, quam turpis adipiscing lorem, vitae mattis nibh ligula nec sem.\r\n\r\nDuis aliquam convallis nunc. Proin at turpis a pede posuere nonummy. Integer non velit.\r\n\r\nDonec diam neque, vestibulum eget, vulputate ut, ultrices vel, augue. Vestibulum ante ipsum primis in faucibus orci luctus et ultrices posuere cubilia Curae; Donec pharetra, magna vestibulum aliquet ultrices, erat tortor sollicitudin mi, sit amet lobortis sapien sapien non mi. Integer ac neque.\r\n\r\nDuis bibendum. Morbi non quam nec dui luctus rutrum. Nulla tellus.\r\n\r\nIn sagittis dui vel nisl. Duis ac nibh. Fusce lacus purus, aliquet at, feugiat non, pretium quis, lectus.\r\n\r\nSuspendisse potenti. In eleifend quam a odio. In hac habitasse platea dictumst.\r\n\r\nMaecenas ut massa quis augue luctus tincidunt. Nulla mollis molestie lorem. Quisque ut erat.\r\n\r\nCurabitur gravida nisi at nibh. In hac habitasse platea dictumst. Aliquam augue quam, sollicitudin vitae, consectetuer eget, rutrum at, lorem.', 2, '2022-07-20 00:00:00', 'http://dummyimage.com/233x209.png/5fa2dd/ffffff');
INSERT INTO `baiviet` (`ma_bviet`, `tieude`, `ten_bhat`, `ma_tloai`, `tomtat`, `noidung`, `ma_tgia`, `ngayviet`, `hinhanh`) VALUES
(19, 'Bài hát rap', 'Một Bước Yêu Vạn Dặm Đau', 3, 'Phần tóm tắt nội dung bài viết phê bình âm nhạc 7', 'Lorem ipsum dolor sit amet, consectetuer adipiscing elit. Proin risus. Praesent lectus.\r\n\r\nVestibulum quam sapien, varius ut, blandit non, interdum in, ante. Vestibulum ante ipsum primis in faucibus orci luctus et ultrices posuere cubilia Curae; Duis faucibus accumsan odio. Curabitur convallis.\r\n\r\nDuis consequat dui nec nisi volutpat eleifend. Donec ut dolor. Morbi vel lectus in quam fringilla rhoncus.\r\n\r\nMauris enim leo, rhoncus sed, vestibulum sit amet, cursus id, turpis. Integer aliquet, massa id lobortis convallis, tortor risus dapibus augue, vel accumsan tellus nisi eu orci. Mauris lacinia sapien quis libero.\r\n\r\nNullam sit amet turpis elementum ligula vehicula consequat. Morbi a ipsum. Integer a nibh.\r\n\r\nIn quis justo. Maecenas rhoncus aliquam lacus. Morbi quis tortor id nulla ultrices aliquet.\r\n\r\nMaecenas leo odio, condimentum id, luctus nec, molestie sed, justo. Pellentesque viverra pede ac diam. Cras pellentesque volutpat dui.\r\n\r\nMaecenas tristique, est et tempus semper, est quam pharetra magna, ac consequat metus sapien ut nunc. Vestibulum ante ipsum primis in faucibus orci luctus et ultrices posuere cubilia Curae; Mauris viverra diam vitae quam. Suspendisse potenti.\r\n\r\nNullam porttitor lacus at turpis. Donec posuere metus vitae ipsum. Aliquam non mauris.\r\n\r\nMorbi non lectus. Aliquam sit amet diam in magna bibendum imperdiet. Nullam orci pede, venenatis non, sodales sed, tincidunt eu, felis.\r\n\r\nFusce posuere felis sed lacus. Morbi sem mauris, laoreet ut, rhoncus aliquet, pulvinar sed, nisl. Nunc rhoncus dui vel sem.\r\n\r\nSed sagittis. Nam congue, risus semper porta volutpat, quam pede lobortis ligula, sit amet eleifend pede libero quis orci. Nullam molestie nibh in lectus.\r\n\r\nPellentesque at nulla. Suspendisse potenti. Cras in purus eu magna vulputate luctus.\r\n\r\nCum sociis natoque penatibus et magnis dis parturient montes, nascetur ridiculus mus. Vivamus vestibulum sagittis sapien. Cum sociis natoque penatibus et magnis dis parturient montes, nascetur ridiculus mus.\r\n\r\nEtiam vel augue. Vestibulum rutrum rutrum neque. Aenean auctor gravida sem.\r\n\r\nPraesent id massa id nisl venenatis lacinia. Aenean sit amet justo. Morbi ut odio.\r\n\r\nCras mi pede, malesuada in, imperdiet et, commodo vulputate, justo. In blandit ultrices enim. Lorem ipsum dolor sit amet, consectetuer adipiscing elit.\r\n\r\nProin interdum mauris non ligula pellentesque ultrices. Phasellus id sapien in sapien iaculis congue. Vivamus metus arcu, adipiscing molestie, hendrerit at, vulputate vitae, nisl.\r\n\r\nAenean lectus. Pellentesque eget nunc. Donec quis orci eget orci vehicula condimentum.\r\n\r\nCurabitur in libero ut massa volutpat convallis. Morbi odio odio, elementum eu, interdum eu, tincidunt in, leo. Maecenas pulvinar lobortis est.\r\n\r\nPhasellus sit amet erat. Nulla tempus. Vivamus in felis eu sapien cursus vestibulum.\r\n\r\nProin eu mi. Nulla ac enim. In tempor, turpis nec euismod scelerisque, quam turpis adipiscing lorem, vitae mattis nibh ligula nec sem.\r\n\r\nDuis aliquam convallis nunc. Proin at turpis a pede posuere nonummy. Integer non velit.\r\n\r\nDonec diam neque, vestibulum eget, vulputate ut, ultrices vel, augue. Vestibulum ante ipsum primis in faucibus orci luctus et ultrices posuere cubilia Curae; Donec pharetra, magna vestibulum aliquet ultrices, erat tortor sollicitudin mi, sit amet lobortis sapien sapien non mi. Integer ac neque.\r\n\r\nDuis bibendum. Morbi non quam nec dui luctus rutrum. Nulla tellus.\r\n\r\nIn sagittis dui vel nisl. Duis ac nibh. Fusce lacus purus, aliquet at, feugiat non, pretium quis, lectus.\r\n\r\nSuspendisse potenti. In eleifend quam a odio. In hac habitasse platea dictumst.', 3, '2022-01-01 00:00:00', 'http://dummyimage.com/288x257.png/5fa2dd/ffffff'),
(20, 'Bài hát nhạc quốc tế', 'Đừng Hỏi Em Vì Sao', 3, 'Phần tóm tắt nội dung bài viết phê bình âm nhạc 17', 'Nullam porttitor lacus at turpis. Donec posuere metus vitae ipsum. Aliquam non mauris.\r\n\r\nMorbi non lectus. Aliquam sit amet diam in magna bibendum imperdiet. Nullam orci pede, venenatis non, sodales sed, tincidunt eu, felis.\r\n\r\nFusce posuere felis sed lacus. Morbi sem mauris, laoreet ut, rhoncus aliquet, pulvinar sed, nisl. Nunc rhoncus dui vel sem.\r\n\r\nSed sagittis. Nam congue, risus semper porta volutpat, quam pede lobortis ligula, sit amet eleifend pede libero quis orci. Nullam molestie nibh in lectus.\r\n\r\nPellentesque at nulla. Suspendisse potenti. Cras in purus eu magna vulputate luctus.\r\n\r\nCum sociis natoque penatibus et magnis dis parturient montes, nascetur ridiculus mus. Vivamus vestibulum sagittis sapien. Cum sociis natoque penatibus et magnis dis parturient montes, nascetur ridiculus mus.\r\n\r\nEtiam vel augue. Vestibulum rutrum rutrum neque. Aenean auctor gravida sem.\r\n\r\nPraesent id massa id nisl venenatis lacinia. Aenean sit amet justo. Morbi ut odio.\r\n\r\nCras mi pede, malesuada in, imperdiet et, commodo vulputate, justo. In blandit ultrices enim. Lorem ipsum dolor sit amet, consectetuer adipiscing elit.\r\n\r\nProin interdum mauris non ligula pellentesque ultrices. Phasellus id sapien in sapien iaculis congue. Vivamus metus arcu, adipiscing molestie, hendrerit at, vulputate vitae, nisl.\r\n\r\nAenean lectus. Pellentesque eget nunc. Donec quis orci eget orci vehicula condimentum.\r\n\r\nCurabitur in libero ut massa volutpat convallis. Morbi odio odio, elementum eu, interdum eu, tincidunt in, leo. Maecenas pulvinar lobortis est.\r\n\r\nPhasellus sit amet erat. Nulla tempus. Vivamus in felis eu sapien cursus vestibulum.\r\n\r\nProin eu mi. Nulla ac enim. In tempor, turpis nec euismod scelerisque, quam turpis adipiscing lorem, vitae mattis nibh ligula nec sem.\r\n\r\nDuis aliquam convallis nunc. Proin at turpis a pede posuere nonummy. Integer non velit.\r\n\r\nDonec diam neque, vestibulum eget, vulputate ut, ultrices vel, augue. Vestibulum ante ipsum primis in faucibus orci luctus et ultrices posuere cubilia Curae; Donec pharetra, magna vestibulum aliquet ultrices, erat tortor sollicitudin mi, sit amet lobortis sapien sapien non mi. Integer ac neque.\r\n\r\nDuis bibendum. Morbi non quam nec dui luctus rutrum. Nulla tellus.\r\n\r\nIn sagittis dui vel nisl. Duis ac nibh. Fusce lacus purus, aliquet at, feugiat non, pretium quis, lectus.\r\n\r\nSuspendisse potenti. In eleifend quam a odio. In hac habitasse platea dictumst.\r\n\r\nMaecenas ut massa quis augue luctus tincidunt. Nulla mollis molestie lorem. Quisque ut erat.\r\n\r\nCurabitur gravida nisi at nibh. In hac habitasse platea dictumst. Aliquam augue quam, sollicitudin vitae, consectetuer eget, rutrum at, lorem.\r\n\r\nInteger tincidunt ante vel ipsum. Praesent blandit lacinia erat. Vestibulum sed magna at nunc commodo placerat.\r\n\r\nPraesent blandit. Nam nulla. Integer pede justo, lacinia eget, tincidunt eget, tempus vel, pede.\r\n\r\nMorbi porttitor lorem id ligula. Suspendisse ornare consequat lectus. In est risus, auctor sed, tristique in, tempus sit amet, sem.\r\n\r\nFusce consequat. Nulla nisl. Nunc nisl.\r\n\r\nDuis bibendum, felis sed interdum venenatis, turpis enim blandit mi, in porttitor pede justo eu massa. Donec dapibus. Duis at velit eu est congue elementum.\r\n\r\nIn hac habitasse platea dictumst. Morbi vestibulum, velit id pretium iaculis, diam erat fermentum justo, nec condimentum neque sapien placerat ante. Nulla justo.\r\n\r\nAliquam quis turpis eget elit sodales scelerisque. Mauris sit amet eros. Suspendisse accumsan tortor quis turpis.\r\n\r\nSed ante. Vivamus tortor. Duis mattis egestas metus.\r\n\r\nAenean fermentum. Donec ut mauris eget massa tempor convallis. Nulla neque libero, convallis eget, eleifend luctus, ultricies eu, nibh.', 1, '2023-03-09 00:00:00', 'http://dummyimage.com/265x237.png/cc0000/ffffff'),
(21, 'Bài hát nhạc dance', 'Đi Để Trở Về', 5, 'Phần tóm tắt nội dung bài viết phê bình âm nhạc 19', 'Duis consequat dui nec nisi volutpat eleifend. Donec ut dolor. Morbi vel lectus in quam fringilla rhoncus.\r\n\r\nMauris enim leo, rhoncus sed, vestibulum sit amet, cursus id, turpis. Integer aliquet, massa id lobortis convallis, tortor risus dapibus augue, vel accumsan tellus nisi eu orci. Mauris lacinia sapien quis libero.\r\n\r\nNullam sit amet turpis elementum ligula vehicula consequat. Morbi a ipsum. Integer a nibh.\r\n\r\nIn quis justo. Maecenas rhoncus aliquam lacus. Morbi quis tortor id nulla ultrices aliquet.\r\n\r\nMaecenas leo odio, condimentum id, luctus nec, molestie sed, justo. Pellentesque viverra pede ac diam. Cras pellentesque volutpat dui.\r\n\r\nMaecenas tristique, est et tempus semper, est quam pharetra magna, ac consequat metus sapien ut nunc. Vestibulum ante ipsum primis in faucibus orci luctus et ultrices posuere cubilia Curae; Mauris viverra diam vitae quam. Suspendisse potenti.\r\n\r\nNullam porttitor lacus at turpis. Donec posuere metus vitae ipsum. Aliquam non mauris.\r\n\r\nMorbi non lectus. Aliquam sit amet diam in magna bibendum imperdiet. Nullam orci pede, venenatis non, sodales sed, tincidunt eu, felis.\r\n\r\nFusce posuere felis sed lacus. Morbi sem mauris, laoreet ut, rhoncus aliquet, pulvinar sed, nisl. Nunc rhoncus dui vel sem.\r\n\r\nSed sagittis. Nam congue, risus semper porta volutpat, quam pede lobortis ligula, sit amet eleifend pede libero quis orci. Nullam molestie nibh in lectus.\r\n\r\nPellentesque at nulla. Suspendisse potenti. Cras in purus eu magna vulputate luctus.\r\n\r\nCum sociis natoque penatibus et magnis dis parturient montes, nascetur ridiculus mus. Vivamus vestibulum sagittis sapien. Cum sociis natoque penatibus et magnis dis parturient montes, nascetur ridiculus mus.\r\n\r\nEtiam vel augue. Vestibulum rutrum rutrum neque. Aenean auctor gravida sem.\r\n\r\nPraesent id massa id nisl venenatis lacinia. Aenean sit amet justo. Morbi ut odio.\r\n\r\nCras mi pede, malesuada in, imperdiet et, commodo vulputate, justo. In blandit ultrices enim. Lorem ipsum dolor sit amet, consectetuer adipiscing elit.\r\n\r\nProin interdum mauris non ligula pellentesque ultrices. Phasellus id sapien in sapien iaculis congue. Vivamus metus arcu, adipiscing molestie, hendrerit at, vulputate vitae, nisl.\r\n\r\nAenean lectus. Pellentesque eget nunc. Donec quis orci eget orci vehicula condimentum.\r\n\r\nCurabitur in libero ut massa volutpat convallis. Morbi odio odio, elementum eu, interdum eu, tincidunt in, leo. Maecenas pulvinar lobortis est.\r\n\r\nPhasellus sit amet erat. Nulla tempus. Vivamus in felis eu sapien cursus vestibulum.\r\n\r\nProin eu mi. Nulla ac enim. In tempor, turpis nec euismod scelerisque, quam turpis adipiscing lorem, vitae mattis nibh ligula nec sem.\r\n\r\nDuis aliquam convallis nunc. Proin at turpis a pede posuere nonummy. Integer non velit.\r\n\r\nDonec diam neque, vestibulum eget, vulputate ut, ultrices vel, augue. Vestibulum ante ipsum primis in faucibus orci luctus et ultrices posuere cubilia Curae; Donec pharetra, magna vestibulum aliquet ultrices, erat tortor sollicitudin mi, sit amet lobortis sapien sapien non mi. Integer ac neque.\r\n\r\nDuis bibendum. Morbi non quam nec dui luctus rutrum. Nulla tellus.\r\n\r\nIn sagittis dui vel nisl. Duis ac nibh. Fusce lacus purus, aliquet at, feugiat non, pretium quis, lectus.\r\n\r\nSuspendisse potenti. In eleifend quam a odio. In hac habitasse platea dictumst.\r\n\r\nMaecenas ut massa quis augue luctus tincidunt. Nulla mollis molestie lorem. Quisque ut erat.\r\n\r\nCurabitur gravida nisi at nibh. In hac habitasse platea dictumst. Aliquam augue quam, sollicitudin vitae, consectetuer eget, rutrum at, lorem.', 3, '2022-07-31 00:00:00', 'http://dummyimage.com/284x255.png/dddddd/000000'),
(22, 'Bài hát nhạc cách mạng', 'Em Ơi Lên Phố', 6, 'Phần tóm tắt nội dung bài viết phê bình âm nhạc 27', 'Proin interdum mauris non ligula pellentesque ultrices. Phasellus id sapien in sapien iaculis congue. Vivamus metus arcu, adipiscing molestie, hendrerit at, vulputate vitae, nisl.\r\n\r\nAenean lectus. Pellentesque eget nunc. Donec quis orci eget orci vehicula condimentum.\r\n\r\nCurabitur in libero ut massa volutpat convallis. Morbi odio odio, elementum eu, interdum eu, tincidunt in, leo. Maecenas pulvinar lobortis est.\r\n\r\nPhasellus sit amet erat. Nulla tempus. Vivamus in felis eu sapien cursus vestibulum.\r\n\r\nProin eu mi. Nulla ac enim. In tempor, turpis nec euismod scelerisque, quam turpis adipiscing lorem, vitae mattis nibh ligula nec sem.\r\n\r\nDuis aliquam convallis nunc. Proin at turpis a pede posuere nonummy. Integer non velit.\r\n\r\nDonec diam neque, vestibulum eget, vulputate ut, ultrices vel, augue. Vestibulum ante ipsum primis in faucibus orci luctus et ultrices posuere cubilia Curae; Donec pharetra, magna vestibulum aliquet ultrices, erat tortor sollicitudin mi, sit amet lobortis sapien sapien non mi. Integer ac neque.\r\n\r\nDuis bibendum. Morbi non quam nec dui luctus rutrum. Nulla tellus.\r\n\r\nIn sagittis dui vel nisl. Duis ac nibh. Fusce lacus purus, aliquet at, feugiat non, pretium quis, lectus.\r\n\r\nSuspendisse potenti. In eleifend quam a odio. In hac habitasse platea dictumst.\r\n\r\nMaecenas ut massa quis augue luctus tincidunt. Nulla mollis molestie lorem. Quisque ut erat.\r\n\r\nCurabitur gravida nisi at nibh. In hac habitasse platea dictumst. Aliquam augue quam, sollicitudin vitae, consectetuer eget, rutrum at, lorem.\r\n\r\nInteger tincidunt ante vel ipsum. Praesent blandit lacinia erat. Vestibulum sed magna at nunc commodo placerat.\r\n\r\nPraesent blandit. Nam nulla. Integer pede justo, lacinia eget, tincidunt eget, tempus vel, pede.\r\n\r\nMorbi porttitor lorem id ligula. Suspendisse ornare consequat lectus. In est risus, auctor sed, tristique in, tempus sit amet, sem.', 10, '2022-07-08 00:00:00', 'http://dummyimage.com/234x236.png/ff4444/ffffff'),
(23, 'Bài hát số 1', 'Sóng Gió', 6, 'Phần tóm tắt nội dung bài viết phê bình âm nhạc 12', 'Phasellus sit amet erat. Nulla tempus. Vivamus in felis eu sapien cursus vestibulum.\r\n\r\nProin eu mi. Nulla ac enim. In tempor, turpis nec euismod scelerisque, quam turpis adipiscing lorem, vitae mattis nibh ligula nec sem.\r\n\r\nDuis aliquam convallis nunc. Proin at turpis a pede posuere nonummy. Integer non velit.\r\n\r\nDonec diam neque, vestibulum eget, vulputate ut, ultrices vel, augue. Vestibulum ante ipsum primis in faucibus orci luctus et ultrices posuere cubilia Curae; Donec pharetra, magna vestibulum aliquet ultrices, erat tortor sollicitudin mi, sit amet lobortis sapien sapien non mi. Integer ac neque.\r\n\r\nDuis bibendum. Morbi non quam nec dui luctus rutrum. Nulla tellus.\r\n\r\nIn sagittis dui vel nisl. Duis ac nibh. Fusce lacus purus, aliquet at, feugiat non, pretium quis, lectus.\r\n\r\nSuspendisse potenti. In eleifend quam a odio. In hac habitasse platea dictumst.\r\n\r\nMaecenas ut massa quis augue luctus tincidunt. Nulla mollis molestie lorem. Quisque ut erat.\r\n\r\nCurabitur gravida nisi at nibh. In hac habitasse platea dictumst. Aliquam augue quam, sollicitudin vitae, consectetuer eget, rutrum at, lorem.\r\n\r\nInteger tincidunt ante vel ipsum. Praesent blandit lacinia erat. Vestibulum sed magna at nunc commodo placerat.\r\n\r\nPraesent blandit. Nam nulla. Integer pede justo, lacinia eget, tincidunt eget, tempus vel, pede.\r\n\r\nMorbi porttitor lorem id ligula. Suspendisse ornare consequat lectus. In est risus, auctor sed, tristique in, tempus sit amet, sem.\r\n\r\nFusce consequat. Nulla nisl. Nunc nisl.\r\n\r\nDuis bibendum, felis sed interdum venenatis, turpis enim blandit mi, in porttitor pede justo eu massa. Donec dapibus. Duis at velit eu est congue elementum.\r\n\r\nIn hac habitasse platea dictumst. Morbi vestibulum, velit id pretium iaculis, diam erat fermentum justo, nec condimentum neque sapien placerat ante. Nulla justo.\r\n\r\nAliquam quis turpis eget elit sodales scelerisque. Mauris sit amet eros. Suspendisse accumsan tortor quis turpis.\r\n\r\nSed ante. Vivamus tortor. Duis mattis egestas metus.\r\n\r\nAenean fermentum. Donec ut mauris eget massa tempor convallis. Nulla neque libero, convallis eget, eleifend luctus, ultricies eu, nibh.\r\n\r\nQuisque id justo sit amet sapien dignissim vestibulum. Vestibulum ante ipsum primis in faucibus orci luctus et ultrices posuere cubilia Curae; Nulla dapibus dolor vel est. Donec odio justo, sollicitudin ut, suscipit a, feugiat et, eros.\r\n\r\nVestibulum ac est lacinia nisi venenatis tristique. Fusce congue, diam id ornare imperdiet, sapien urna pretium nisl, ut volutpat sapien arcu sed augue. Aliquam erat volutpat.\r\n\r\nIn congue. Etiam justo. Etiam pretium iaculis justo.\r\n\r\nIn hac habitasse platea dictumst. Etiam faucibus cursus urna. Ut tellus.\r\n\r\nNulla ut erat id mauris vulputate elementum. Nullam varius. Nulla facilisi.\r\n\r\nCras non velit nec nisi vulputate nonummy. Maecenas tincidunt lacus at velit. Vivamus vel nulla eget eros elementum pellentesque.\r\n\r\nQuisque porta volutpat erat. Quisque erat eros, viverra eget, congue eget, semper rutrum, nulla. Nunc purus.\r\n\r\nPhasellus in felis. Donec semper sapien a libero. Nam dui.\r\n\r\nProin leo odio, porttitor id, consequat in, consequat ut, nulla. Sed accumsan felis. Ut at dolor quis odio consequat varius.', 19, '2023-05-29 00:00:00', 'http://dummyimage.com/258x217.png/5fa2dd/ffffff'),
(24, 'Bài hát số 1', 'Đi Để Trở Về', 7, 'Phần tóm tắt nội dung bài viết phê bình âm nhạc 12', 'In sagittis dui vel nisl. Duis ac nibh. Fusce lacus purus, aliquet at, feugiat non, pretium quis, lectus.\r\n\r\nSuspendisse potenti. In eleifend quam a odio. In hac habitasse platea dictumst.\r\n\r\nMaecenas ut massa quis augue luctus tincidunt. Nulla mollis molestie lorem. Quisque ut erat.\r\n\r\nCurabitur gravida nisi at nibh. In hac habitasse platea dictumst. Aliquam augue quam, sollicitudin vitae, consectetuer eget, rutrum at, lorem.\r\n\r\nInteger tincidunt ante vel ipsum. Praesent blandit lacinia erat. Vestibulum sed magna at nunc commodo placerat.\r\n\r\nPraesent blandit. Nam nulla. Integer pede justo, lacinia eget, tincidunt eget, tempus vel, pede.\r\n\r\nMorbi porttitor lorem id ligula. Suspendisse ornare consequat lectus. In est risus, auctor sed, tristique in, tempus sit amet, sem.\r\n\r\nFusce consequat. Nulla nisl. Nunc nisl.\r\n\r\nDuis bibendum, felis sed interdum venenatis, turpis enim blandit mi, in porttitor pede justo eu massa. Donec dapibus. Duis at velit eu est congue elementum.\r\n\r\nIn hac habitasse platea dictumst. Morbi vestibulum, velit id pretium iaculis, diam erat fermentum justo, nec condimentum neque sapien placerat ante. Nulla justo.\r\n\r\nAliquam quis turpis eget elit sodales scelerisque. Mauris sit amet eros. Suspendisse accumsan tortor quis turpis.\r\n\r\nSed ante. Vivamus tortor. Duis mattis egestas metus.', 18, '2023-04-30 00:00:00', 'http://dummyimage.com/249x280.png/dddddd/000000'),
(25, 'Bài hát cảm động', 'Chạy Ngay Đi', 8, 'Phần tóm tắt nội dung bài viết phê bình âm nhạc 1', 'Proin interdum mauris non ligula pellentesque ultrices. Phasellus id sapien in sapien iaculis congue. Vivamus metus arcu, adipiscing molestie, hendrerit at, vulputate vitae, nisl.\r\n\r\nAenean lectus. Pellentesque eget nunc. Donec quis orci eget orci vehicula condimentum.\r\n\r\nCurabitur in libero ut massa volutpat convallis. Morbi odio odio, elementum eu, interdum eu, tincidunt in, leo. Maecenas pulvinar lobortis est.\r\n\r\nPhasellus sit amet erat. Nulla tempus. Vivamus in felis eu sapien cursus vestibulum.\r\n\r\nProin eu mi. Nulla ac enim. In tempor, turpis nec euismod scelerisque, quam turpis adipiscing lorem, vitae mattis nibh ligula nec sem.\r\n\r\nDuis aliquam convallis nunc. Proin at turpis a pede posuere nonummy. Integer non velit.\r\n\r\nDonec diam neque, vestibulum eget, vulputate ut, ultrices vel, augue. Vestibulum ante ipsum primis in faucibus orci luctus et ultrices posuere cubilia Curae; Donec pharetra, magna vestibulum aliquet ultrices, erat tortor sollicitudin mi, sit amet lobortis sapien sapien non mi. Integer ac neque.\r\n\r\nDuis bibendum. Morbi non quam nec dui luctus rutrum. Nulla tellus.\r\n\r\nIn sagittis dui vel nisl. Duis ac nibh. Fusce lacus purus, aliquet at, feugiat non, pretium quis, lectus.\r\n\r\nSuspendisse potenti. In eleifend quam a odio. In hac habitasse platea dictumst.\r\n\r\nMaecenas ut massa quis augue luctus tincidunt. Nulla mollis molestie lorem. Quisque ut erat.\r\n\r\nCurabitur gravida nisi at nibh. In hac habitasse platea dictumst. Aliquam augue quam, sollicitudin vitae, consectetuer eget, rutrum at, lorem.\r\n\r\nInteger tincidunt ante vel ipsum. Praesent blandit lacinia erat. Vestibulum sed magna at nunc commodo placerat.\r\n\r\nPraesent blandit. Nam nulla. Integer pede justo, lacinia eget, tincidunt eget, tempus vel, pede.\r\n\r\nMorbi porttitor lorem id ligula. Suspendisse ornare consequat lectus. In est risus, auctor sed, tristique in, tempus sit amet, sem.\r\n\r\nFusce consequat. Nulla nisl. Nunc nisl.\r\n\r\nDuis bibendum, felis sed interdum venenatis, turpis enim blandit mi, in porttitor pede justo eu massa. Donec dapibus. Duis at velit eu est congue elementum.\r\n\r\nIn hac habitasse platea dictumst. Morbi vestibulum, velit id pretium iaculis, diam erat fermentum justo, nec condimentum neque sapien placerat ante. Nulla justo.\r\n\r\nAliquam quis turpis eget elit sodales scelerisque. Mauris sit amet eros. Suspendisse accumsan tortor quis turpis.\r\n\r\nSed ante. Vivamus tortor. Duis mattis egestas metus.\r\n\r\nAenean fermentum. Donec ut mauris eget massa tempor convallis. Nulla neque libero, convallis eget, eleifend luctus, ultricies eu, nibh.\r\n\r\nQuisque id justo sit amet sapien dignissim vestibulum. Vestibulum ante ipsum primis in faucibus orci luctus et ultrices posuere cubilia Curae; Nulla dapibus dolor vel est. Donec odio justo, sollicitudin ut, suscipit a, feugiat et, eros.\r\n\r\nVestibulum ac est lacinia nisi venenatis tristique. Fusce congue, diam id ornare imperdiet, sapien urna pretium nisl, ut volutpat sapien arcu sed augue. Aliquam erat volutpat.\r\n\r\nIn congue. Etiam justo. Etiam pretium iaculis justo.', 18, '2023-06-18 00:00:00', 'http://dummyimage.com/223x261.png/5fa2dd/ffffff'),
(26, 'Bài hát hòa tấu', 'Đi Đến Bên Em', 6, 'Phần tóm tắt nội dung bài viết phê bình âm nhạc 20', 'Cras mi pede, malesuada in, imperdiet et, commodo vulputate, justo. In blandit ultrices enim. Lorem ipsum dolor sit amet, consectetuer adipiscing elit.\r\n\r\nProin interdum mauris non ligula pellentesque ultrices. Phasellus id sapien in sapien iaculis congue. Vivamus metus arcu, adipiscing molestie, hendrerit at, vulputate vitae, nisl.\r\n\r\nAenean lectus. Pellentesque eget nunc. Donec quis orci eget orci vehicula condimentum.\r\n\r\nCurabitur in libero ut massa volutpat convallis. Morbi odio odio, elementum eu, interdum eu, tincidunt in, leo. Maecenas pulvinar lobortis est.\r\n\r\nPhasellus sit amet erat. Nulla tempus. Vivamus in felis eu sapien cursus vestibulum.\r\n\r\nProin eu mi. Nulla ac enim. In tempor, turpis nec euismod scelerisque, quam turpis adipiscing lorem, vitae mattis nibh ligula nec sem.\r\n\r\nDuis aliquam convallis nunc. Proin at turpis a pede posuere nonummy. Integer non velit.\r\n\r\nDonec diam neque, vestibulum eget, vulputate ut, ultrices vel, augue. Vestibulum ante ipsum primis in faucibus orci luctus et ultrices posuere cubilia Curae; Donec pharetra, magna vestibulum aliquet ultrices, erat tortor sollicitudin mi, sit amet lobortis sapien sapien non mi. Integer ac neque.\r\n\r\nDuis bibendum. Morbi non quam nec dui luctus rutrum. Nulla tellus.\r\n\r\nIn sagittis dui vel nisl. Duis ac nibh. Fusce lacus purus, aliquet at, feugiat non, pretium quis, lectus.\r\n\r\nSuspendisse potenti. In eleifend quam a odio. In hac habitasse platea dictumst.\r\n\r\nMaecenas ut massa quis augue luctus tincidunt. Nulla mollis molestie lorem. Quisque ut erat.\r\n\r\nCurabitur gravida nisi at nibh. In hac habitasse platea dictumst. Aliquam augue quam, sollicitudin vitae, consectetuer eget, rutrum at, lorem.\r\n\r\nInteger tincidunt ante vel ipsum. Praesent blandit lacinia erat. Vestibulum sed magna at nunc commodo placerat.\r\n\r\nPraesent blandit. Nam nulla. Integer pede justo, lacinia eget, tincidunt eget, tempus vel, pede.\r\n\r\nMorbi porttitor lorem id ligula. Suspendisse ornare consequat lectus. In est risus, auctor sed, tristique in, tempus sit amet, sem.\r\n\r\nFusce consequat. Nulla nisl. Nunc nisl.\r\n\r\nDuis bibendum, felis sed interdum venenatis, turpis enim blandit mi, in porttitor pede justo eu massa. Donec dapibus. Duis at velit eu est congue elementum.\r\n\r\nIn hac habitasse platea dictumst. Morbi vestibulum, velit id pretium iaculis, diam erat fermentum justo, nec condimentum neque sapien placerat ante. Nulla justo.\r\n\r\nAliquam quis turpis eget elit sodales scelerisque. Mauris sit amet eros. Suspendisse accumsan tortor quis turpis.\r\n\r\nSed ante. Vivamus tortor. Duis mattis egestas metus.\r\n\r\nAenean fermentum. Donec ut mauris eget massa tempor convallis. Nulla neque libero, convallis eget, eleifend luctus, ultricies eu, nibh.\r\n\r\nQuisque id justo sit amet sapien dignissim vestibulum. Vestibulum ante ipsum primis in faucibus orci luctus et ultrices posuere cubilia Curae; Nulla dapibus dolor vel est. Donec odio justo, sollicitudin ut, suscipit a, feugiat et, eros.\r\n\r\nVestibulum ac est lacinia nisi venenatis tristique. Fusce congue, diam id ornare imperdiet, sapien urna pretium nisl, ut volutpat sapien arcu sed augue. Aliquam erat volutpat.\r\n\r\nIn congue. Etiam justo. Etiam pretium iaculis justo.\r\n\r\nIn hac habitasse platea dictumst. Etiam faucibus cursus urna. Ut tellus.', 4, '2022-10-10 00:00:00', 'http://dummyimage.com/268x259.png/dddddd/000000'),
(27, 'Bài hát nhạc sĩ nổi tiếng', 'Một Đêm Say', 9, 'Phần tóm tắt nội dung bài viết phê bình âm nhạc 28', 'Duis aliquam convallis nunc. Proin at turpis a pede posuere nonummy. Integer non velit.\r\n\r\nDonec diam neque, vestibulum eget, vulputate ut, ultrices vel, augue. Vestibulum ante ipsum primis in faucibus orci luctus et ultrices posuere cubilia Curae; Donec pharetra, magna vestibulum aliquet ultrices, erat tortor sollicitudin mi, sit amet lobortis sapien sapien non mi. Integer ac neque.\r\n\r\nDuis bibendum. Morbi non quam nec dui luctus rutrum. Nulla tellus.\r\n\r\nIn sagittis dui vel nisl. Duis ac nibh. Fusce lacus purus, aliquet at, feugiat non, pretium quis, lectus.\r\n\r\nSuspendisse potenti. In eleifend quam a odio. In hac habitasse platea dictumst.\r\n\r\nMaecenas ut massa quis augue luctus tincidunt. Nulla mollis molestie lorem. Quisque ut erat.\r\n\r\nCurabitur gravida nisi at nibh. In hac habitasse platea dictumst. Aliquam augue quam, sollicitudin vitae, consectetuer eget, rutrum at, lorem.\r\n\r\nInteger tincidunt ante vel ipsum. Praesent blandit lacinia erat. Vestibulum sed magna at nunc commodo placerat.\r\n\r\nPraesent blandit. Nam nulla. Integer pede justo, lacinia eget, tincidunt eget, tempus vel, pede.\r\n\r\nMorbi porttitor lorem id ligula. Suspendisse ornare consequat lectus. In est risus, auctor sed, tristique in, tempus sit amet, sem.\r\n\r\nFusce consequat. Nulla nisl. Nunc nisl.\r\n\r\nDuis bibendum, felis sed interdum venenatis, turpis enim blandit mi, in porttitor pede justo eu massa. Donec dapibus. Duis at velit eu est congue elementum.\r\n\r\nIn hac habitasse platea dictumst. Morbi vestibulum, velit id pretium iaculis, diam erat fermentum justo, nec condimentum neque sapien placerat ante. Nulla justo.\r\n\r\nAliquam quis turpis eget elit sodales scelerisque. Mauris sit amet eros. Suspendisse accumsan tortor quis turpis.\r\n\r\nSed ante. Vivamus tortor. Duis mattis egestas metus.\r\n\r\nAenean fermentum. Donec ut mauris eget massa tempor convallis. Nulla neque libero, convallis eget, eleifend luctus, ultricies eu, nibh.\r\n\r\nQuisque id justo sit amet sapien dignissim vestibulum. Vestibulum ante ipsum primis in faucibus orci luctus et ultrices posuere cubilia Curae; Nulla dapibus dolor vel est. Donec odio justo, sollicitudin ut, suscipit a, feugiat et, eros.\r\n\r\nVestibulum ac est lacinia nisi venenatis tristique. Fusce congue, diam id ornare imperdiet, sapien urna pretium nisl, ut volutpat sapien arcu sed augue. Aliquam erat volutpat.\r\n\r\nIn congue. Etiam justo. Etiam pretium iaculis justo.\r\n\r\nIn hac habitasse platea dictumst. Etiam faucibus cursus urna. Ut tellus.\r\n\r\nNulla ut erat id mauris vulputate elementum. Nullam varius. Nulla facilisi.\r\n\r\nCras non velit nec nisi vulputate nonummy. Maecenas tincidunt lacus at velit. Vivamus vel nulla eget eros elementum pellentesque.\r\n\r\nQuisque porta volutpat erat. Quisque erat eros, viverra eget, congue eget, semper rutrum, nulla. Nunc purus.\r\n\r\nPhasellus in felis. Donec semper sapien a libero. Nam dui.\r\n\r\nProin leo odio, porttitor id, consequat in, consequat ut, nulla. Sed accumsan felis. Ut at dolor quis odio consequat varius.', 7, '2022-10-27 00:00:00', 'http://dummyimage.com/277x218.png/5fa2dd/ffffff'),
(28, 'Những bài hát hay nhất', 'Em Ơi Lên Phố', 1, 'Phần tóm tắt nội dung bài viết phê bình âm nhạc 11', 'Fusce consequat. Nulla nisl. Nunc nisl.\r\n\r\nDuis bibendum, felis sed interdum venenatis, turpis enim blandit mi, in porttitor pede justo eu massa. Donec dapibus. Duis at velit eu est congue elementum.\r\n\r\nIn hac habitasse platea dictumst. Morbi vestibulum, velit id pretium iaculis, diam erat fermentum justo, nec condimentum neque sapien placerat ante. Nulla justo.\r\n\r\nAliquam quis turpis eget elit sodales scelerisque. Mauris sit amet eros. Suspendisse accumsan tortor quis turpis.\r\n\r\nSed ante. Vivamus tortor. Duis mattis egestas metus.\r\n\r\nAenean fermentum. Donec ut mauris eget massa tempor convallis. Nulla neque libero, convallis eget, eleifend luctus, ultricies eu, nibh.\r\n\r\nQuisque id justo sit amet sapien dignissim vestibulum. Vestibulum ante ipsum primis in faucibus orci luctus et ultrices posuere cubilia Curae; Nulla dapibus dolor vel est. Donec odio justo, sollicitudin ut, suscipit a, feugiat et, eros.\r\n\r\nVestibulum ac est lacinia nisi venenatis tristique. Fusce congue, diam id ornare imperdiet, sapien urna pretium nisl, ut volutpat sapien arcu sed augue. Aliquam erat volutpat.\r\n\r\nIn congue. Etiam justo. Etiam pretium iaculis justo.\r\n\r\nIn hac habitasse platea dictumst. Etiam faucibus cursus urna. Ut tellus.\r\n\r\nNulla ut erat id mauris vulputate elementum. Nullam varius. Nulla facilisi.\r\n\r\nCras non velit nec nisi vulputate nonummy. Maecenas tincidunt lacus at velit. Vivamus vel nulla eget eros elementum pellentesque.\r\n\r\nQuisque porta volutpat erat. Quisque erat eros, viverra eget, congue eget, semper rutrum, nulla. Nunc purus.\r\n\r\nPhasellus in felis. Donec semper sapien a libero. Nam dui.\r\n\r\nProin leo odio, porttitor id, consequat in, consequat ut, nulla. Sed accumsan felis. Ut at dolor quis odio consequat varius.\r\n\r\nInteger ac leo. Pellentesque ultrices mattis odio. Donec vitae nisi.\r\n\r\nNam ultrices, libero non mattis pulvinar, nulla pede ullamcorper augue, a suscipit nulla elit ac nulla. Sed vel enim sit amet nunc viverra dapibus. Nulla suscipit ligula in lacus.\r\n\r\nCurabitur at ipsum ac tellus semper interdum. Mauris ullamcorper purus sit amet nulla. Quisque arcu libero, rutrum ac, lobortis vel, dapibus at, diam.', 5, '2023-02-16 00:00:00', 'http://dummyimage.com/268x283.png/dddddd/000000'),
(29, 'Bài hát nhạc phim', 'Cô Gái M52', 4, 'Phần tóm tắt nội dung bài viết phê bình âm nhạc 5', 'Pellentesque at nulla. Suspendisse potenti. Cras in purus eu magna vulputate luctus.\r\n\r\nCum sociis natoque penatibus et magnis dis parturient montes, nascetur ridiculus mus. Vivamus vestibulum sagittis sapien. Cum sociis natoque penatibus et magnis dis parturient montes, nascetur ridiculus mus.\r\n\r\nEtiam vel augue. Vestibulum rutrum rutrum neque. Aenean auctor gravida sem.\r\n\r\nPraesent id massa id nisl venenatis lacinia. Aenean sit amet justo. Morbi ut odio.\r\n\r\nCras mi pede, malesuada in, imperdiet et, commodo vulputate, justo. In blandit ultrices enim. Lorem ipsum dolor sit amet, consectetuer adipiscing elit.\r\n\r\nProin interdum mauris non ligula pellentesque ultrices. Phasellus id sapien in sapien iaculis congue. Vivamus metus arcu, adipiscing molestie, hendrerit at, vulputate vitae, nisl.\r\n\r\nAenean lectus. Pellentesque eget nunc. Donec quis orci eget orci vehicula condimentum.\r\n\r\nCurabitur in libero ut massa volutpat convallis. Morbi odio odio, elementum eu, interdum eu, tincidunt in, leo. Maecenas pulvinar lobortis est.\r\n\r\nPhasellus sit amet erat. Nulla tempus. Vivamus in felis eu sapien cursus vestibulum.\r\n\r\nProin eu mi. Nulla ac enim. In tempor, turpis nec euismod scelerisque, quam turpis adipiscing lorem, vitae mattis nibh ligula nec sem.\r\n\r\nDuis aliquam convallis nunc. Proin at turpis a pede posuere nonummy. Integer non velit.\r\n\r\nDonec diam neque, vestibulum eget, vulputate ut, ultrices vel, augue. Vestibulum ante ipsum primis in faucibus orci luctus et ultrices posuere cubilia Curae; Donec pharetra, magna vestibulum aliquet ultrices, erat tortor sollicitudin mi, sit amet lobortis sapien sapien non mi. Integer ac neque.\r\n\r\nDuis bibendum. Morbi non quam nec dui luctus rutrum. Nulla tellus.\r\n\r\nIn sagittis dui vel nisl. Duis ac nibh. Fusce lacus purus, aliquet at, feugiat non, pretium quis, lectus.\r\n\r\nSuspendisse potenti. In eleifend quam a odio. In hac habitasse platea dictumst.\r\n\r\nMaecenas ut massa quis augue luctus tincidunt. Nulla mollis molestie lorem. Quisque ut erat.\r\n\r\nCurabitur gravida nisi at nibh. In hac habitasse platea dictumst. Aliquam augue quam, sollicitudin vitae, consectetuer eget, rutrum at, lorem.\r\n\r\nInteger tincidunt ante vel ipsum. Praesent blandit lacinia erat. Vestibulum sed magna at nunc commodo placerat.\r\n\r\nPraesent blandit. Nam nulla. Integer pede justo, lacinia eget, tincidunt eget, tempus vel, pede.\r\n\r\nMorbi porttitor lorem id ligula. Suspendisse ornare consequat lectus. In est risus, auctor sed, tristique in, tempus sit amet, sem.\r\n\r\nFusce consequat. Nulla nisl. Nunc nisl.\r\n\r\nDuis bibendum, felis sed interdum venenatis, turpis enim blandit mi, in porttitor pede justo eu massa. Donec dapibus. Duis at velit eu est congue elementum.\r\n\r\nIn hac habitasse platea dictumst. Morbi vestibulum, velit id pretium iaculis, diam erat fermentum justo, nec condimentum neque sapien placerat ante. Nulla justo.\r\n\r\nAliquam quis turpis eget elit sodales scelerisque. Mauris sit amet eros. Suspendisse accumsan tortor quis turpis.\r\n\r\nSed ante. Vivamus tortor. Duis mattis egestas metus.\r\n\r\nAenean fermentum. Donec ut mauris eget massa tempor convallis. Nulla neque libero, convallis eget, eleifend luctus, ultricies eu, nibh.\r\n\r\nQuisque id justo sit amet sapien dignissim vestibulum. Vestibulum ante ipsum primis in faucibus orci luctus et ultrices posuere cubilia Curae; Nulla dapibus dolor vel est. Donec odio justo, sollicitudin ut, suscipit a, feugiat et, eros.\r\n\r\nVestibulum ac est lacinia nisi venenatis tristique. Fusce congue, diam id ornare imperdiet, sapien urna pretium nisl, ut volutpat sapien arcu sed augue. Aliquam erat volutpat.\r\n\r\nIn congue. Etiam justo. Etiam pretium iaculis justo.\r\n\r\nIn hac habitasse platea dictumst. Etiam faucibus cursus urna. Ut tellus.', 3, '2023-06-20 00:00:00', 'http://dummyimage.com/239x270.png/cc0000/ffffff'),
(30, 'Bài hát rap', 'Tháng Tư Là Lời Nói Dối Của Em', 7, 'Phần tóm tắt nội dung bài viết phê bình âm nhạc 12', 'In quis justo. Maecenas rhoncus aliquam lacus. Morbi quis tortor id nulla ultrices aliquet.\r\n\r\nMaecenas leo odio, condimentum id, luctus nec, molestie sed, justo. Pellentesque viverra pede ac diam. Cras pellentesque volutpat dui.\r\n\r\nMaecenas tristique, est et tempus semper, est quam pharetra magna, ac consequat metus sapien ut nunc. Vestibulum ante ipsum primis in faucibus orci luctus et ultrices posuere cubilia Curae; Mauris viverra diam vitae quam. Suspendisse potenti.\r\n\r\nNullam porttitor lacus at turpis. Donec posuere metus vitae ipsum. Aliquam non mauris.\r\n\r\nMorbi non lectus. Aliquam sit amet diam in magna bibendum imperdiet. Nullam orci pede, venenatis non, sodales sed, tincidunt eu, felis.\r\n\r\nFusce posuere felis sed lacus. Morbi sem mauris, laoreet ut, rhoncus aliquet, pulvinar sed, nisl. Nunc rhoncus dui vel sem.\r\n\r\nSed sagittis. Nam congue, risus semper porta volutpat, quam pede lobortis ligula, sit amet eleifend pede libero quis orci. Nullam molestie nibh in lectus.\r\n\r\nPellentesque at nulla. Suspendisse potenti. Cras in purus eu magna vulputate luctus.\r\n\r\nCum sociis natoque penatibus et magnis dis parturient montes, nascetur ridiculus mus. Vivamus vestibulum sagittis sapien. Cum sociis natoque penatibus et magnis dis parturient montes, nascetur ridiculus mus.\r\n\r\nEtiam vel augue. Vestibulum rutrum rutrum neque. Aenean auctor gravida sem.\r\n\r\nPraesent id massa id nisl venenatis lacinia. Aenean sit amet justo. Morbi ut odio.\r\n\r\nCras mi pede, malesuada in, imperdiet et, commodo vulputate, justo. In blandit ultrices enim. Lorem ipsum dolor sit amet, consectetuer adipiscing elit.\r\n\r\nProin interdum mauris non ligula pellentesque ultrices. Phasellus id sapien in sapien iaculis congue. Vivamus metus arcu, adipiscing molestie, hendrerit at, vulputate vitae, nisl.\r\n\r\nAenean lectus. Pellentesque eget nunc. Donec quis orci eget orci vehicula condimentum.\r\n\r\nCurabitur in libero ut massa volutpat convallis. Morbi odio odio, elementum eu, interdum eu, tincidunt in, leo. Maecenas pulvinar lobortis est.\r\n\r\nPhasellus sit amet erat. Nulla tempus. Vivamus in felis eu sapien cursus vestibulum.\r\n\r\nProin eu mi. Nulla ac enim. In tempor, turpis nec euismod scelerisque, quam turpis adipiscing lorem, vitae mattis nibh ligula nec sem.\r\n\r\nDuis aliquam convallis nunc. Proin at turpis a pede posuere nonummy. Integer non velit.\r\n\r\nDonec diam neque, vestibulum eget, vulputate ut, ultrices vel, augue. Vestibulum ante ipsum primis in faucibus orci luctus et ultrices posuere cubilia Curae; Donec pharetra, magna vestibulum aliquet ultrices, erat tortor sollicitudin mi, sit amet lobortis sapien sapien non mi. Integer ac neque.\r\n\r\nDuis bibendum. Morbi non quam nec dui luctus rutrum. Nulla tellus.\r\n\r\nIn sagittis dui vel nisl. Duis ac nibh. Fusce lacus purus, aliquet at, feugiat non, pretium quis, lectus.\r\n\r\nSuspendisse potenti. In eleifend quam a odio. In hac habitasse platea dictumst.\r\n\r\nMaecenas ut massa quis augue luctus tincidunt. Nulla mollis molestie lorem. Quisque ut erat.\r\n\r\nCurabitur gravida nisi at nibh. In hac habitasse platea dictumst. Aliquam augue quam, sollicitudin vitae, consectetuer eget, rutrum at, lorem.\r\n\r\nInteger tincidunt ante vel ipsum. Praesent blandit lacinia erat. Vestibulum sed magna at nunc commodo placerat.\r\n\r\nPraesent blandit. Nam nulla. Integer pede justo, lacinia eget, tincidunt eget, tempus vel, pede.\r\n\r\nMorbi porttitor lorem id ligula. Suspendisse ornare consequat lectus. In est risus, auctor sed, tristique in, tempus sit amet, sem.\r\n\r\nFusce consequat. Nulla nisl. Nunc nisl.\r\n\r\nDuis bibendum, felis sed interdum venenatis, turpis enim blandit mi, in porttitor pede justo eu massa. Donec dapibus. Duis at velit eu est congue elementum.\r\n\r\nIn hac habitasse platea dictumst. Morbi vestibulum, velit id pretium iaculis, diam erat fermentum justo, nec condimentum neque sapien placerat ante. Nulla justo.', 1, '2022-11-19 00:00:00', 'http://dummyimage.com/253x246.png/5fa2dd/ffffff'),
(36, 'awefawef', 'awefawefaweef', 2, 'awefawef', 'awefawef', 12, '2022-09-25 00:00:00', NULL);

--
-- Triggers `baiviet`
--
DELIMITER $$
CREATE TRIGGER `tg_CapNhatTheLoai` AFTER INSERT ON `baiviet` FOR EACH ROW BEGIN
    UPDATE theloai 
    SET SLBaiViet = SLBaiViet + 1 
    WHERE ma_tloai = NEW.ma_tloai;
END
$$
DELIMITER ;
DELIMITER $$
CREATE TRIGGER `tg_DeleteBaiViet` AFTER DELETE ON `baiviet` FOR EACH ROW BEGIN
    UPDATE theloai 
    SET SLBaiViet = SLBaiViet - 1 
    WHERE ma_tloai = OLD.ma_tloai;
END
$$
DELIMITER ;

-- --------------------------------------------------------

--
-- Table structure for table `tacgia`
--

CREATE TABLE `tacgia` (
  `ma_tgia` int(10) UNSIGNED NOT NULL,
  `ten_tgia` varchar(100) NOT NULL,
  `hinh_tgia` varchar(100) DEFAULT NULL
) ENGINE=InnoDB DEFAULT CHARSET=utf8mb4 COLLATE=utf8mb4_general_ci;

--
-- Dumping data for table `tacgia`
--

INSERT INTO `tacgia` (`ma_tgia`, `ten_tgia`, `hinh_tgia`) VALUES
(1, 'Vũ Văn S', 'http://dummyimage.com/171x179.png/ff4444/ffffff'),
(2, 'Hồ Văn H', 'http://dummyimage.com/109x124.png/dddddd/000000'),
(3, 'Phạm Văn Q', 'http://dummyimage.com/228x116.png/ff4444/ffffff'),
(4, 'Lê Thị P', 'http://dummyimage.com/199x142.png/ff4444/ffffff'),
(5, 'Lê Văn T', 'http://dummyimage.com/149x149.png/5fa2dd/ffffff'),
(6, 'Hoàng Văn E', 'http://dummyimage.com/125x137.png/5fa2dd/ffffff'),
(7, 'Lê Văn C', 'http://dummyimage.com/184x161.png/dddddd/000000'),
(8, 'Đỗ Thị K', 'http://dummyimage.com/183x110.png/5fa2dd/ffffff'),
(9, 'Nguyễn Văn A', 'http://dummyimage.com/227x211.png/5fa2dd/ffffff'),
(10, 'Vũ Thị M', 'http://dummyimage.com/166x184.png/cc0000/ffffff'),
(11, 'Ngô Thị V', 'http://dummyimage.com/238x142.png/ff4444/ffffff'),
(12, 'Bùi Văn U', 'http://dummyimage.com/148x175.png/ff4444/ffffff'),
(13, 'Vũ Thị S', 'http://dummyimage.com/125x151.png/5fa2dd/ffffff'),
(14, 'Đặng Thị T', 'http://dummyimage.com/172x111.png/5fa2dd/ffffff'),
(15, 'Vũ Văn N', 'http://dummyimage.com/244x132.png/5fa2dd/ffffff'),
(16, 'Ngô Thị H', 'http://dummyimage.com/138x114.png/cc0000/ffffff'),
(17, 'Hồ Văn L', 'http://dummyimage.com/227x145.png/5fa2dd/ffffff'),
(18, 'Đặng Văn G', 'http://dummyimage.com/241x247.png/dddddd/000000'),
(19, 'Vũ Văn L', 'http://dummyimage.com/123x158.png/cc0000/ffffff'),
(20, 'Đặng Thị N', 'http://dummyimage.com/147x201.png/cc0000/ffffff'),
(21, 'Nhacvietplus', 'http://dummyimage.com/220x201.png/cc0000/ffffff');

-- --------------------------------------------------------

--
-- Table structure for table `theloai`
--

CREATE TABLE `theloai` (
  `ma_tloai` int(10) UNSIGNED NOT NULL,
  `ten_tloai` varchar(50) NOT NULL,
  `SLBaiViet` int(10) UNSIGNED DEFAULT NULL
) ENGINE=InnoDB DEFAULT CHARSET=utf8mb4 COLLATE=utf8mb4_general_ci;

--
-- Dumping data for table `theloai`
--

INSERT INTO `theloai` (`ma_tloai`, `ten_tloai`, `SLBaiViet`) VALUES
(1, 'Nhạc Rap', 5),
(2, 'Nhạc Pop', 0),
(3, 'Nhạc EDM', 3),
(4, 'Nhạc Ballad', 4),
(5, 'Nhạc Hiphop', 3),
(6, 'Nhạc Rock', 4),
(7, 'Nhạc Dance', 4),
(8, 'Nhạc Jazz', 3),
(9, 'Nhạc trữ tình', 4),
(10, 'Nhạc R&B', 0);

-- --------------------------------------------------------

--
-- Table structure for table `users`
--

CREATE TABLE `users` (
  `user_id` int(10) UNSIGNED NOT NULL,
  `user_name` varchar(50) DEFAULT NULL,
  `pass_word` varchar(50) DEFAULT NULL
) ENGINE=InnoDB DEFAULT CHARSET=utf8mb4 COLLATE=utf8mb4_general_ci;

-- --------------------------------------------------------

--
-- Stand-in structure for view `vw_music`
-- (See below for the actual view)
--
CREATE TABLE `vw_music` (
`ma_bviet` int(10) unsigned
,`tieude` varchar(200)
,`ten_bhat` varchar(100)
,`ten_tloai` varchar(50)
,`tomtat` text
,`noidung` text
,`ten_tgia` varchar(100)
,`ngayviet` datetime
,`hinhanh` varchar(200)
);

-- --------------------------------------------------------

--
-- Structure for view `vw_music`
--
DROP TABLE IF EXISTS `vw_music`;

CREATE ALGORITHM=UNDEFINED DEFINER=`root`@`localhost` SQL SECURITY DEFINER VIEW `vw_music`  AS SELECT `baiviet`.`ma_bviet` AS `ma_bviet`, `baiviet`.`tieude` AS `tieude`, `baiviet`.`ten_bhat` AS `ten_bhat`, `theloai`.`ten_tloai` AS `ten_tloai`, `baiviet`.`tomtat` AS `tomtat`, `baiviet`.`noidung` AS `noidung`, `tacgia`.`ten_tgia` AS `ten_tgia`, `baiviet`.`ngayviet` AS `ngayviet`, `baiviet`.`hinhanh` AS `hinhanh` FROM ((`baiviet` join `theloai` on(`baiviet`.`ma_tloai` = `theloai`.`ma_tloai`)) join `tacgia` on(`baiviet`.`ma_tgia` = `tacgia`.`ma_tgia`)) ;

--
-- Indexes for dumped tables
--

--
-- Indexes for table `baiviet`
--
ALTER TABLE `baiviet`
  ADD PRIMARY KEY (`ma_bviet`),
  ADD KEY `ma_tloai` (`ma_tloai`),
  ADD KEY `ma_tgia` (`ma_tgia`);

--
-- Indexes for table `tacgia`
--
ALTER TABLE `tacgia`
  ADD PRIMARY KEY (`ma_tgia`);

--
-- Indexes for table `theloai`
--
ALTER TABLE `theloai`
  ADD PRIMARY KEY (`ma_tloai`);

--
-- Indexes for table `users`
--
ALTER TABLE `users`
  ADD PRIMARY KEY (`user_id`);

--
-- AUTO_INCREMENT for dumped tables
--

--
-- AUTO_INCREMENT for table `baiviet`
--
ALTER TABLE `baiviet`
  MODIFY `ma_bviet` int(10) UNSIGNED NOT NULL AUTO_INCREMENT, AUTO_INCREMENT=37;

--
-- AUTO_INCREMENT for table `tacgia`
--
ALTER TABLE `tacgia`
  MODIFY `ma_tgia` int(10) UNSIGNED NOT NULL AUTO_INCREMENT, AUTO_INCREMENT=22;

--
-- AUTO_INCREMENT for table `theloai`
--
ALTER TABLE `theloai`
  MODIFY `ma_tloai` int(10) UNSIGNED NOT NULL AUTO_INCREMENT, AUTO_INCREMENT=11;

--
-- AUTO_INCREMENT for table `users`
--
ALTER TABLE `users`
  MODIFY `user_id` int(10) UNSIGNED NOT NULL AUTO_INCREMENT;

--
-- Constraints for dumped tables
--

--
-- Constraints for table `baiviet`
--
ALTER TABLE `baiviet`
  ADD CONSTRAINT `baiviet_ibfk_1` FOREIGN KEY (`ma_tloai`) REFERENCES `theloai` (`ma_tloai`),
  ADD CONSTRAINT `baiviet_ibfk_2` FOREIGN KEY (`ma_tgia`) REFERENCES `tacgia` (`ma_tgia`);
COMMIT;

/*!40101 SET CHARACTER_SET_CLIENT=@OLD_CHARACTER_SET_CLIENT */;
/*!40101 SET CHARACTER_SET_RESULTS=@OLD_CHARACTER_SET_RESULTS */;
/*!40101 SET COLLATION_CONNECTION=@OLD_COLLATION_CONNECTION */;
